2025-05-24T02:31:03.000000+00:00 app[api]: Build started by user cam@artmonger.nyc
2025-05-24T02:31:40.213266+00:00 app[api]: Release v52 created by user cam@artmonger.nyc
2025-05-24T02:31:40.213266+00:00 app[api]: Deploy 51cd749f by user cam@artmonger.nyc
2025-05-24T02:31:41.200793+00:00 heroku[web.1]: Process exited with status 143
2025-05-24T02:31:46.164490+00:00 heroku[web.1]: Starting process with command `npm start`
2025-05-24T02:31:46.981182+00:00 app[web.1]: 
2025-05-24T02:31:46.981202+00:00 app[web.1]: > monday-image-transfer-app@0.1.0 start
2025-05-24T02:31:46.981203+00:00 app[web.1]: > node server.js
2025-05-24T02:31:46.981203+00:00 app[web.1]: 
2025-05-24T02:31:47.167191+00:00 app[web.1]: Server is running on port 25191
2025-05-24T02:31:47.237452+00:00 heroku[web.1]: State changed from starting to up
2025-05-24T02:32:10.000000+00:00 app[api]: Build succeeded
2025-05-24T02:35:30.000000+00:00 app[api]: Build started by user cam@artmonger.nyc
2025-05-24T02:36:08.328222+00:00 app[api]: Deploy 5a84b1db by user cam@artmonger.nyc
2025-05-24T02:36:08.328222+00:00 app[api]: Release v53 created by user cam@artmonger.nyc
2025-05-24T02:36:08.589587+00:00 heroku[web.1]: Restarting
2025-05-24T02:36:08.591828+00:00 heroku[web.1]: State changed from up to starting
2025-05-24T02:36:09.161880+00:00 heroku[web.1]: Stopping all processes with SIGTERM
2025-05-24T02:36:09.245065+00:00 heroku[web.1]: Process exited with status 143
2025-05-24T02:36:14.522839+00:00 heroku[web.1]: Starting process with command `npm start`
2025-05-24T02:36:15.534234+00:00 app[web.1]: 
2025-05-24T02:36:15.534299+00:00 app[web.1]: > monday-image-transfer-app@0.1.0 start
2025-05-24T02:36:15.534302+00:00 app[web.1]: > node server.js
2025-05-24T02:36:15.534304+00:00 app[web.1]: 
2025-05-24T02:36:15.757716+00:00 app[web.1]: Server is running on port 37439
2025-05-24T02:36:16.287390+00:00 heroku[web.1]: State changed from starting to up
2025-05-24T02:36:37.000000+00:00 app[api]: Build succeeded
2025-05-24T02:37:04.106341+00:00 heroku[router]: at=info method=GET path="/" host=image-resizer-app-2024-a35abaeeab93.herokuapp.com request_id=9a034b87-9794-4561-a449-9ff027a7a237 fwd="64.41.200.112" dyno=web.1 connect=0ms service=9ms status=200 bytes=1635 protocol=https
2025-05-24T02:38:43.428783+00:00 heroku[router]: at=info method=GET path="/" host=image-resizer-app-2024-a35abaeeab93.herokuapp.com request_id=d3fdbe5e-96f5-42fb-9de6-e413876fa0b1 fwd="64.41.200.112" dyno=web.1 connect=1ms service=2ms status=200 bytes=1635 protocol=https
2025-05-24T02:40:17.210087+00:00 heroku[router]: at=info method=GET path="/" host=image-resizer-app-2024-a35abaeeab93.herokuapp.com request_id=689c85c3-062f-4fcc-a01f-9508147adf02 fwd="64.41.200.112" dyno=web.1 connect=0ms service=2ms status=200 bytes=1635 protocol=https
2025-05-24T02:41:50.405974+00:00 heroku[router]: at=info method=GET path="/" host=image-resizer-app-2024-a35abaeeab93.herokuapp.com request_id=84b0e648-d6fe-48b2-ae91-91d9c9f58da9 fwd="64.41.200.112" dyno=web.1 connect=0ms service=2ms status=200 bytes=1635 protocol=https
2025-05-24T02:46:15.689218+00:00 heroku[router]: at=info method=GET path="/" host=image-resizer-app-2024-a35abaeeab93.herokuapp.com request_id=1aaba3df-45bf-4df4-817d-2d6d769faf14 fwd="158.222.233.111" dyno=web.1 connect=0ms service=1ms status=200 bytes=1635 protocol=https
2025-05-24T02:46:15.791129+00:00 heroku[router]: at=info method=GET path="/static/css/main.1990403b.css" host=image-resizer-app-2024-a35abaeeab93.herokuapp.com request_id=73ad61f2-a2f7-4a37-b2dd-5aeff8ebea78 fwd="158.222.233.111" dyno=web.1 connect=0ms service=3ms status=200 bytes=8626 protocol=https
2025-05-24T02:46:15.791815+00:00 heroku[router]: at=info method=GET path="/static/js/main.985df43c.js" host=image-resizer-app-2024-a35abaeeab93.herokuapp.com request_id=97f610c4-2f6b-4b2e-8920-7899fdb31cd8 fwd="158.222.233.111" dyno=web.1 connect=0ms service=4ms status=200 bytes=172779 protocol=https
2025-05-24T02:46:16.058192+00:00 heroku[router]: at=info method=GET path="/favicon.ico" host=image-resizer-app-2024-a35abaeeab93.herokuapp.com request_id=6c07d360-4bae-4b84-a37d-7cf89b457b28 fwd="158.222.233.111" dyno=web.1 connect=0ms service=1ms status=200 bytes=4850 protocol=https
2025-05-24T02:46:16.172081+00:00 heroku[router]: at=info method=GET path="/manifest.json" host=image-resizer-app-2024-a35abaeeab93.herokuapp.com request_id=a7d36aeb-1601-4fd8-97e5-89ec0be5125e fwd="158.222.233.111" dyno=web.1 connect=0ms service=2ms status=200 bytes=1490 protocol=https
2025-05-24T02:46:16.203592+00:00 heroku[router]: at=info method=GET path="/logo192.png" host=image-resizer-app-2024-a35abaeeab93.herokuapp.com request_id=1c260beb-075a-4b1a-bf08-6e742d8336f3 fwd="158.222.233.111" dyno=web.1 connect=0ms service=2ms status=200 bytes=6325 protocol=https
2025-05-24T02:47:28.000000+00:00 app[api]: Build started by user cam@artmonger.nyc
2025-05-24T02:48:08.974961+00:00 app[api]: Deploy 46dbbb39 by user cam@artmonger.nyc
2025-05-24T02:48:08.974961+00:00 app[api]: Release v54 created by user cam@artmonger.nyc
2025-05-24T02:48:09.275007+00:00 heroku[web.1]: Restarting
2025-05-24T02:48:09.323899+00:00 heroku[web.1]: State changed from up to starting
2025-05-24T02:48:09.887131+00:00 heroku[web.1]: Stopping all processes with SIGTERM
2025-05-24T02:48:09.942228+00:00 heroku[web.1]: Process exited with status 143
2025-05-24T02:48:15.315468+00:00 heroku[web.1]: Starting process with command `npm start`
2025-05-24T02:48:16.303481+00:00 app[web.1]: 
2025-05-24T02:48:16.303515+00:00 app[web.1]: > monday-image-transfer-app@0.1.0 start
2025-05-24T02:48:16.303524+00:00 app[web.1]: > node server.js
2025-05-24T02:48:16.303525+00:00 app[web.1]: 
2025-05-24T02:48:16.519992+00:00 app[web.1]: Server is running on port 16776
2025-05-24T02:48:16.555916+00:00 heroku[web.1]: State changed from starting to up
2025-05-24T02:48:38.000000+00:00 app[api]: Build succeeded
2025-05-24T06:02:03.000000+00:00 app[api]: Build started by user cam@artmonger.nyc
2025-05-24T06:03:09.992947+00:00 app[api]: Deploy 21017e9e by user cam@artmonger.nyc
2025-05-24T06:03:09.992947+00:00 app[api]: Release v55 created by user cam@artmonger.nyc
2025-05-24T06:03:10.289328+00:00 heroku[web.1]: Restarting
2025-05-24T06:03:10.342042+00:00 heroku[web.1]: State changed from up to starting
2025-05-24T06:03:11.007315+00:00 heroku[web.1]: Stopping all processes with SIGTERM
2025-05-24T06:03:11.099844+00:00 heroku[web.1]: Process exited with status 143
2025-05-24T06:03:16.140664+00:00 heroku[web.1]: Starting process with command `npm start`
2025-05-24T06:03:17.020100+00:00 app[web.1]: 
2025-05-24T06:03:17.020135+00:00 app[web.1]: > monday-image-transfer-app@0.1.0 start
2025-05-24T06:03:17.020137+00:00 app[web.1]: > node server.js
2025-05-24T06:03:17.020137+00:00 app[web.1]: 
2025-05-24T06:03:17.219328+00:00 app[web.1]: Server is running on port 23914
2025-05-24T06:03:17.239656+00:00 heroku[web.1]: State changed from starting to up
2025-05-24T06:03:44.000000+00:00 app[api]: Build succeeded
2025-05-24T06:06:45.063028+00:00 heroku[router]: at=info method=GET path="/monday-app-association.json" host=image-resizer-app-2024-a35abaeeab93.herokuapp.com request_id=0dff3544-2204-45aa-bde2-5c6d58963289 fwd="158.222.233.111" dyno=web.1 connect=0ms service=7ms status=200 bytes=1067 protocol=https
2025-05-24T06:09:27.000000+00:00 app[api]: Build started by user cam@artmonger.nyc
2025-05-24T06:10:05.969686+00:00 app[api]: Deploy 2c30a705 by user cam@artmonger.nyc
2025-05-24T06:10:05.969686+00:00 app[api]: Release v56 created by user cam@artmonger.nyc
2025-05-24T06:10:06.218853+00:00 heroku[web.1]: Restarting
2025-05-24T06:10:06.267202+00:00 heroku[web.1]: State changed from up to starting
2025-05-24T06:10:06.783751+00:00 heroku[web.1]: Stopping all processes with SIGTERM
2025-05-24T06:10:06.843608+00:00 heroku[web.1]: Process exited with status 143
2025-05-24T06:10:12.136619+00:00 heroku[web.1]: Starting process with command `npm start`
2025-05-24T06:10:13.118246+00:00 app[web.1]: 
2025-05-24T06:10:13.118271+00:00 app[web.1]: > monday-image-transfer-app@0.1.0 start
2025-05-24T06:10:13.118272+00:00 app[web.1]: > node server.js
2025-05-24T06:10:13.118272+00:00 app[web.1]: 
2025-05-24T06:10:13.350897+00:00 app[web.1]: Server is running on port 11415
2025-05-24T06:10:13.871490+00:00 heroku[web.1]: State changed from starting to up
2025-05-24T06:10:35.000000+00:00 app[api]: Build succeeded
2025-05-24T06:12:00.000000+00:00 app[api]: Build started by user cam@artmonger.nyc
2025-05-24T06:12:38.734702+00:00 app[api]: Release v57 created by user cam@artmonger.nyc
2025-05-24T06:12:38.734702+00:00 app[api]: Deploy ae8bed90 by user cam@artmonger.nyc
2025-05-24T06:12:39.057740+00:00 heroku[web.1]: Restarting
2025-05-24T06:12:39.060603+00:00 heroku[web.1]: State changed from up to starting
2025-05-24T06:12:39.677253+00:00 heroku[web.1]: Stopping all processes with SIGTERM
2025-05-24T06:12:39.753529+00:00 heroku[web.1]: Process exited with status 143
2025-05-24T06:12:45.084184+00:00 heroku[web.1]: Starting process with command `npm start`
2025-05-24T06:12:45.998820+00:00 app[web.1]: 
2025-05-24T06:12:45.998850+00:00 app[web.1]: > monday-image-transfer-app@0.1.0 start
2025-05-24T06:12:45.998850+00:00 app[web.1]: > node server.js
2025-05-24T06:12:45.998851+00:00 app[web.1]: 
2025-05-24T06:12:46.228978+00:00 app[web.1]: Server is running on port 16073
2025-05-24T06:12:46.258371+00:00 heroku[web.1]: State changed from starting to up
2025-05-24T06:13:08.000000+00:00 app[api]: Build succeeded
2025-05-24T06:16:10.175382+00:00 heroku[router]: at=info method=GET path="/?boardId=9149820501&itemId=9196835074&itemViewId=130962908&sessionToken=eyJhbGciOiJIUzI1NiJ9.eyJkYXQiOnsiY2xpZW50X2lkIjoiYmE5NDQ3YTdlMWVkZWJmNDJjZDJkOWI1NGNjNmRhNzgiLCJ1c2VyX2lkIjo3MzA1NDUzOCwiYWNjb3VudF9pZCI6MjgzODAxNDEsInNsdWciOiJhcnRtb25nZXIiLCJhcHBfaWQiOjEwNDA2NDMwLCJhcHBfdmVyc2lvbl9pZCI6MTA3OTY3ODcsImluc3RhbGxfaWQiOi0yLCJpc19hZG1pbiI6dHJ1ZSwiaXNfdmlld19vbmx5IjpmYWxzZSwiaXNfZ3Vlc3QiOmZhbHNlLCJ1c2VyX2tpbmQiOiJhZG1pbiJ9LCJleHAiOjE3NDgxNTM3NzB9.LUgwGnQtPuTbBymC5G8vhaWOjPYQgGGnFpuzBE0oOuI" host=image-resizer-app-2024-a35abaeeab93.herokuapp.com request_id=b206d15b-2c07-410e-81e5-72e522ef6a4a fwd="158.222.233.111" dyno=web.1 connect=0ms service=8ms status=200 bytes=1635 protocol=https
2025-05-24T06:16:22.318092+00:00 heroku[router]: at=info method=GET path="/?boardId=9149820501&itemId=9196835074&itemViewId=130962908&sessionToken=eyJhbGciOiJIUzI1NiJ9.eyJkYXQiOnsiY2xpZW50X2lkIjoiYmE5NDQ3YTdlMWVkZWJmNDJjZDJkOWI1NGNjNmRhNzgiLCJ1c2VyX2lkIjo3MzA1NDUzOCwiYWNjb3VudF9pZCI6MjgzODAxNDEsInNsdWciOiJhcnRtb25nZXIiLCJhcHBfaWQiOjEwNDA2NDMwLCJhcHBfdmVyc2lvbl9pZCI6MTA3OTY3ODcsImluc3RhbGxfaWQiOi0yLCJpc19hZG1pbiI6dHJ1ZSwiaXNfdmlld19vbmx5IjpmYWxzZSwiaXNfZ3Vlc3QiOmZhbHNlLCJ1c2VyX2tpbmQiOiJhZG1pbiJ9LCJleHAiOjE3NDgxNTM3ODJ9.Fz4rSy-WlGMRq6SBEVN2MFpR6cGBEmXq_75phcUF9Lw" host=image-resizer-app-2024-a35abaeeab93.herokuapp.com request_id=de8c5277-ef73-43a8-8d17-01b8501168fb fwd="158.222.233.111" dyno=web.1 connect=0ms service=3ms status=200 bytes=1635 protocol=https
2025-05-24T06:17:01.000000+00:00 app[api]: Build started by user cam@artmonger.nyc
2025-05-24T06:17:39.248577+00:00 app[api]: Deploy 70752e65 by user cam@artmonger.nyc
2025-05-24T06:17:39.248577+00:00 app[api]: Release v58 created by user cam@artmonger.nyc
2025-05-24T06:17:40.164414+00:00 heroku[web.1]: Restarting
2025-05-24T06:17:40.215932+00:00 heroku[web.1]: State changed from up to starting
2025-05-24T06:17:40.799551+00:00 heroku[web.1]: Stopping all processes with SIGTERM
2025-05-24T06:17:40.860428+00:00 heroku[web.1]: Process exited with status 143
2025-05-24T06:17:46.475122+00:00 heroku[web.1]: Starting process with command `npm start`
2025-05-24T06:17:47.494662+00:00 app[web.1]: 
2025-05-24T06:17:47.494681+00:00 app[web.1]: > monday-image-transfer-app@0.1.0 start
2025-05-24T06:17:47.494683+00:00 app[web.1]: > node server.js
2025-05-24T06:17:47.494684+00:00 app[web.1]: 
2025-05-24T06:17:47.728798+00:00 app[web.1]: Server is running on port 10424
2025-05-24T06:17:48.312726+00:00 heroku[web.1]: State changed from starting to up
2025-05-24T06:18:09.000000+00:00 app[api]: Build succeeded
2025-05-24T06:18:46.539043+00:00 heroku[router]: at=info method=GET path="/?boardId=9149820501&itemId=9196835074&itemViewId=130962908&sessionToken=eyJhbGciOiJIUzI1NiJ9.eyJkYXQiOnsiY2xpZW50X2lkIjoiYmE5NDQ3YTdlMWVkZWJmNDJjZDJkOWI1NGNjNmRhNzgiLCJ1c2VyX2lkIjo3MzA1NDUzOCwiYWNjb3VudF9pZCI6MjgzODAxNDEsInNsdWciOiJhcnRtb25nZXIiLCJhcHBfaWQiOjEwNDA2NDMwLCJhcHBfdmVyc2lvbl9pZCI6MTA3OTY3ODcsImluc3RhbGxfaWQiOi0yLCJpc19hZG1pbiI6dHJ1ZSwiaXNfdmlld19vbmx5IjpmYWxzZSwiaXNfZ3Vlc3QiOmZhbHNlLCJ1c2VyX2tpbmQiOiJhZG1pbiJ9LCJleHAiOjE3NDgxNTM5MjZ9.qT2yk21RzRZ67GWD1J6f2_E4hjTbA7LzAPcwfUld9c8" host=image-resizer-app-2024-a35abaeeab93.herokuapp.com request_id=f0e9aaae-0486-4d93-b863-f8fa6173e17b fwd="158.222.233.111" dyno=web.1 connect=0ms service=11ms status=200 bytes=1635 protocol=https
2025-05-24T06:19:30.000000+00:00 app[api]: Build started by user cam@artmonger.nyc
2025-05-24T06:20:08.817225+00:00 app[api]: Deploy de222277 by user cam@artmonger.nyc
2025-05-24T06:20:08.817225+00:00 app[api]: Release v59 created by user cam@artmonger.nyc
2025-05-24T06:20:09.015756+00:00 heroku[web.1]: Restarting
2025-05-24T06:20:09.071668+00:00 heroku[web.1]: State changed from up to starting
2025-05-24T06:20:09.950525+00:00 heroku[web.1]: Stopping all processes with SIGTERM
2025-05-24T06:20:10.025586+00:00 heroku[web.1]: Process exited with status 143
2025-05-24T06:20:14.691548+00:00 heroku[web.1]: Starting process with command `npm start`
2025-05-24T06:20:15.535993+00:00 app[web.1]: 
2025-05-24T06:20:15.536025+00:00 app[web.1]: > monday-image-transfer-app@0.1.0 start
2025-05-24T06:20:15.536025+00:00 app[web.1]: > node server.js
2025-05-24T06:20:15.536026+00:00 app[web.1]: 
2025-05-24T06:20:15.731899+00:00 app[web.1]: Server is running on port 54015
2025-05-24T06:20:15.865056+00:00 heroku[web.1]: State changed from starting to up
2025-05-24T06:20:38.000000+00:00 app[api]: Build succeeded
2025-05-24T06:20:54.866507+00:00 heroku[router]: at=info method=GET path="/?boardId=9149820501&itemId=9196835074&itemViewId=130962908&sessionToken=eyJhbGciOiJIUzI1NiJ9.eyJkYXQiOnsiY2xpZW50X2lkIjoiYmE5NDQ3YTdlMWVkZWJmNDJjZDJkOWI1NGNjNmRhNzgiLCJ1c2VyX2lkIjo3MzA1NDUzOCwiYWNjb3VudF9pZCI6MjgzODAxNDEsInNsdWciOiJhcnRtb25nZXIiLCJhcHBfaWQiOjEwNDA2NDMwLCJhcHBfdmVyc2lvbl9pZCI6MTA3OTY3ODcsImluc3RhbGxfaWQiOi0yLCJpc19hZG1pbiI6dHJ1ZSwiaXNfdmlld19vbmx5IjpmYWxzZSwiaXNfZ3Vlc3QiOmZhbHNlLCJ1c2VyX2tpbmQiOiJhZG1pbiJ9LCJleHAiOjE3NDgxNTQwNTR9.FSlWAkcFDO5F7VIMUCdspSQdNZGQSDByRuusqjVrPzA" host=image-resizer-app-2024-a35abaeeab93.herokuapp.com request_id=bfa9c543-e3c1-4fb4-b9ee-b6c7148931b2 fwd="158.222.233.111" dyno=web.1 connect=0ms service=8ms status=200 bytes=1562 protocol=https
2025-05-24T06:21:39.000000+00:00 app[api]: Build started by user cam@artmonger.nyc
2025-05-24T06:23:13.000000+00:00 app[api]: Build started by user cam@artmonger.nyc
2025-05-24T06:23:14.339180+00:00 app[api]: Deploy 64e921c5 by user cam@artmonger.nyc
2025-05-24T06:23:14.339180+00:00 app[api]: Release v60 created by user cam@artmonger.nyc
2025-05-24T06:23:14.713112+00:00 heroku[web.1]: Restarting
2025-05-24T06:23:14.763455+00:00 heroku[web.1]: State changed from up to starting
2025-05-24T06:23:15.346093+00:00 heroku[web.1]: Stopping all processes with SIGTERM
2025-05-24T06:23:15.406993+00:00 heroku[web.1]: Process exited with status 143
2025-05-24T06:23:20.946414+00:00 heroku[web.1]: Starting process with command `npm start`
2025-05-24T06:23:21.887758+00:00 app[web.1]: 
2025-05-24T06:23:21.887801+00:00 app[web.1]: > monday-image-transfer-app@0.1.0 start
2025-05-24T06:23:21.887802+00:00 app[web.1]: > node server.js
2025-05-24T06:23:21.887803+00:00 app[web.1]: 
2025-05-24T06:23:22.145121+00:00 app[web.1]: Server is running on port 19610
2025-05-24T06:23:22.181357+00:00 heroku[web.1]: State changed from starting to up
2025-05-24T06:23:32.000000+00:00 app[api]: Build started by user cam@artmonger.nyc
2025-05-24T06:23:44.000000+00:00 app[api]: Build succeeded
2025-05-24T06:23:53.207879+00:00 app[api]: Release v61 created by user cam@artmonger.nyc
2025-05-24T06:23:53.207879+00:00 app[api]: Deploy 64e921c5 by user cam@artmonger.nyc
2025-05-24T06:23:53.426614+00:00 heroku[web.1]: Restarting
2025-05-24T06:23:53.480572+00:00 heroku[web.1]: State changed from up to starting
2025-05-24T06:23:54.101840+00:00 heroku[web.1]: Stopping all processes with SIGTERM
2025-05-24T06:23:54.166360+00:00 heroku[web.1]: Process exited with status 143
2025-05-24T06:23:59.244555+00:00 heroku[web.1]: Starting process with command `npm start`
2025-05-24T06:24:00.071777+00:00 app[web.1]: 
2025-05-24T06:24:00.071802+00:00 app[web.1]: > monday-image-transfer-app@0.1.0 start
2025-05-24T06:24:00.071803+00:00 app[web.1]: > node server.js
2025-05-24T06:24:00.071803+00:00 app[web.1]: 
2025-05-24T06:24:00.276203+00:00 app[web.1]: Server is running on port 26869
2025-05-24T06:24:00.412557+00:00 heroku[web.1]: State changed from starting to up
2025-05-24T06:24:09.406845+00:00 app[api]: Release v62 created by user cam@artmonger.nyc
2025-05-24T06:24:09.406845+00:00 app[api]: Deploy 64e921c5 by user cam@artmonger.nyc
2025-05-24T06:24:09.744208+00:00 heroku[web.1]: Restarting
2025-05-24T06:24:09.795531+00:00 heroku[web.1]: State changed from up to starting
2025-05-24T06:24:10.373003+00:00 heroku[web.1]: Stopping all processes with SIGTERM
2025-05-24T06:24:10.431144+00:00 heroku[web.1]: Process exited with status 143
2025-05-24T06:24:15.872973+00:00 heroku[web.1]: Starting process with command `npm start`
2025-05-24T06:24:16.742126+00:00 app[web.1]: 
2025-05-24T06:24:16.742155+00:00 app[web.1]: > monday-image-transfer-app@0.1.0 start
2025-05-24T06:24:16.742155+00:00 app[web.1]: > node server.js
2025-05-24T06:24:16.742155+00:00 app[web.1]: 
2025-05-24T06:24:16.938333+00:00 app[web.1]: Server is running on port 9488
2025-05-24T06:24:16.977280+00:00 heroku[web.1]: State changed from starting to up
2025-05-24T06:24:21.000000+00:00 app[api]: Build succeeded
2025-05-24T06:24:40.000000+00:00 app[api]: Build succeeded
2025-05-24T06:25:06.414072+00:00 heroku[router]: at=info method=GET path="/?boardId=9149820501&itemId=9196835074&itemViewId=130962908&sessionToken=eyJhbGciOiJIUzI1NiJ9.eyJkYXQiOnsiY2xpZW50X2lkIjoiYmE5NDQ3YTdlMWVkZWJmNDJjZDJkOWI1NGNjNmRhNzgiLCJ1c2VyX2lkIjo3MzA1NDUzOCwiYWNjb3VudF9pZCI6MjgzODAxNDEsInNsdWciOiJhcnRtb25nZXIiLCJhcHBfaWQiOjEwNDA2NDMwLCJhcHBfdmVyc2lvbl9pZCI6MTA3OTY3ODcsImluc3RhbGxfaWQiOi0yLCJpc19hZG1pbiI6dHJ1ZSwiaXNfdmlld19vbmx5IjpmYWxzZSwiaXNfZ3Vlc3QiOmZhbHNlLCJ1c2VyX2tpbmQiOiJhZG1pbiJ9LCJleHAiOjE3NDgxNTQzMDN9.euVk9iZhKt9EDzDdDZOTZS8nGpsGalJvLlBtTl2OErw" host=image-resizer-app-2024-a35abaeeab93.herokuapp.com request_id=21cef4c5-6cd1-4748-b98c-7d3b4c320521 fwd="158.222.233.111" dyno=web.1 connect=0ms service=8ms status=200 bytes=986 protocol=https
2025-05-24T06:25:06.491295+00:00 heroku[router]: at=info method=GET path="/static/js/main.227618b4.js" host=image-resizer-app-2024-a35abaeeab93.herokuapp.com request_id=91e78369-9973-458a-b7b2-83cd1899182a fwd="158.222.233.111" dyno=web.1 connect=0ms service=2ms status=200 bytes=172146 protocol=https
2025-05-24T06:25:06.544032+00:00 heroku[router]: at=info method=GET path="/static/css/main.1990403b.css" host=image-resizer-app-2024-a35abaeeab93.herokuapp.com request_id=ea25965d-66fd-48b8-bff3-38a16debce73 fwd="158.222.233.111" dyno=web.1 connect=0ms service=2ms status=200 bytes=7977 protocol=https
2025-05-24T06:25:44.012029+00:00 app[web.1]: Received resize request
2025-05-24T06:25:44.013735+00:00 app[web.1]: Processing image with settings: {
2025-05-24T06:25:44.013737+00:00 app[web.1]: width: 800,
2025-05-24T06:25:44.013737+00:00 app[web.1]: height: 800,
2025-05-24T06:25:44.013737+00:00 app[web.1]: resizeMode: 'square',
2025-05-24T06:25:44.013738+00:00 app[web.1]: squareMode: 'circle',
2025-05-24T06:25:44.013738+00:00 app[web.1]: padColor: 'white',
2025-05-24T06:25:44.013739+00:00 app[web.1]: cropPosition: 'center'
2025-05-24T06:25:44.013739+00:00 app[web.1]: }
2025-05-24T06:25:44.013778+00:00 app[web.1]: Downloading image from: https://files-monday-com.s3.amazonaws.com/28380141/resources/2153932550/Screenshot%202025-05-20%20at%207.09.12%20PM.png?response-content-disposition=attachment&X-Amz-Algorithm=AWS4-HMAC-SHA256&X-Amz-Credential=AKIA4MPVJMFXJ4YPAV7U%2F20250524%2Fus-east-1%2Fs3%2Faws4_request&X-Amz-Date=20250524T062543Z&X-Amz-Expires=3600&X-Amz-SignedHeaders=host&X-Amz-Signature=d13f2ae04868e2ffd94c750c7d0775f28b385c3dd64737332d7fcaafa4579bc9
2025-05-24T06:25:44.013879+00:00 app[web.1]: Starting file download process...
2025-05-24T06:25:44.014729+00:00 app[web.1]: Error processing image: Error: Access to the specified domain is not allowed.
2025-05-24T06:25:44.014730+00:00 app[web.1]: at downloadFileFromMonday (/app/server.js:75:11)
2025-05-24T06:25:44.014730+00:00 app[web.1]: at /app/server.js:138:26
2025-05-24T06:25:44.014730+00:00 app[web.1]: at Layer.handle [as handle_request] (/app/node_modules/express/lib/router/layer.js:95:5)
2025-05-24T06:25:44.014731+00:00 app[web.1]: at next (/app/node_modules/express/lib/router/route.js:149:13)
2025-05-24T06:25:44.014731+00:00 app[web.1]: at Route.dispatch (/app/node_modules/express/lib/router/route.js:119:3)
2025-05-24T06:25:44.014731+00:00 app[web.1]: at Layer.handle [as handle_request] (/app/node_modules/express/lib/router/layer.js:95:5)
2025-05-24T06:25:44.014732+00:00 app[web.1]: at /app/node_modules/express/lib/router/index.js:284:15
2025-05-24T06:25:44.014732+00:00 app[web.1]: at Function.process_params (/app/node_modules/express/lib/router/index.js:346:12)
2025-05-24T06:25:44.014732+00:00 app[web.1]: at next (/app/node_modules/express/lib/router/index.js:280:10)
2025-05-24T06:25:44.014732+00:00 app[web.1]: at serveStatic (/app/node_modules/serve-static/index.js:75:16)
2025-05-24T06:25:44.020002+00:00 heroku[router]: at=info method=POST path="/resize-image" host=image-resizer-app-2024-a35abaeeab93.herokuapp.com request_id=4ac9fccb-9c4f-4f7e-b723-a3371d621c81 fwd="158.222.233.111" dyno=web.1 connect=0ms service=15ms status=500 bytes=374 protocol=https
2025-05-24T06:27:30.385081+00:00 heroku[router]: at=info method=GET path="/?boardId=9149820501&itemId=9196835074&itemViewId=130962908&sessionToken=eyJhbGciOiJIUzI1NiJ9.eyJkYXQiOnsiY2xpZW50X2lkIjoiYmE5NDQ3YTdlMWVkZWJmNDJjZDJkOWI1NGNjNmRhNzgiLCJ1c2VyX2lkIjo3MzA1NDUzOCwiYWNjb3VudF9pZCI6MjgzODAxNDEsInNsdWciOiJhcnRtb25nZXIiLCJhcHBfaWQiOjEwNDA2NDMwLCJhcHBfdmVyc2lvbl9pZCI6MTA3OTY3ODcsImluc3RhbGxfaWQiOi0yLCJpc19hZG1pbiI6dHJ1ZSwiaXNfdmlld19vbmx5IjpmYWxzZSwiaXNfZ3Vlc3QiOmZhbHNlLCJ1c2VyX2tpbmQiOiJhZG1pbiJ9LCJleHAiOjE3NDgxNTQzMDN9.euVk9iZhKt9EDzDdDZOTZS8nGpsGalJvLlBtTl2OErw" host=image-resizer-app-2024-a35abaeeab93.herokuapp.com request_id=ced99e77-55c1-4821-8468-0b29ef4a0905 fwd="158.222.233.111" dyno=web.1 connect=0ms service=2ms status=304 bytes=291 protocol=https
2025-05-24T06:27:30.413351+00:00 heroku[router]: at=info method=GET path="/static/js/main.227618b4.js" host=image-resizer-app-2024-a35abaeeab93.herokuapp.com request_id=8506aa09-a913-416d-a955-5279587bb646 fwd="158.222.233.111" dyno=web.1 connect=0ms service=1ms status=304 bytes=293 protocol=https
2025-05-24T06:27:30.438807+00:00 heroku[router]: at=info method=GET path="/static/css/main.1990403b.css" host=image-resizer-app-2024-a35abaeeab93.herokuapp.com request_id=18b1fe26-0f81-4350-b91c-b221cd02ddcb fwd="158.222.233.111" dyno=web.1 connect=0ms service=1ms status=304 bytes=292 protocol=https
2025-05-24T06:27:49.585365+00:00 app[web.1]: Received resize request
2025-05-24T06:27:49.585533+00:00 app[web.1]: Processing image with settings: {
2025-05-24T06:27:49.585535+00:00 app[web.1]: width: 800,
2025-05-24T06:27:49.585538+00:00 app[web.1]: height: 800,
2025-05-24T06:27:49.585538+00:00 app[web.1]: resizeMode: 'square',
2025-05-24T06:27:49.585538+00:00 app[web.1]: squareMode: 'circle',
2025-05-24T06:27:49.585540+00:00 app[web.1]: padColor: 'transparent',
2025-05-24T06:27:49.585540+00:00 app[web.1]: cropPosition: 'center'
2025-05-24T06:27:49.585540+00:00 app[web.1]: }
2025-05-24T06:27:49.585671+00:00 app[web.1]: Downloading image from: https://files-monday-com.s3.amazonaws.com/28380141/resources/2153932550/Screenshot%202025-05-20%20at%207.09.12%20PM.png?response-content-disposition=attachment&X-Amz-Algorithm=AWS4-HMAC-SHA256&X-Amz-Credential=AKIA4MPVJMFXJ4YPAV7U%2F20250524%2Fus-east-1%2Fs3%2Faws4_request&X-Amz-Date=20250524T062749Z&X-Amz-Expires=3600&X-Amz-SignedHeaders=host&X-Amz-Signature=24ccb8badfb86710defb2b1f2f34e2848e2fe81d88b33b5f1b5930faa583057b
2025-05-24T06:27:49.585693+00:00 app[web.1]: Starting file download process...
2025-05-24T06:27:49.586587+00:00 app[web.1]: Error processing image: Error: Access to the specified domain is not allowed.
2025-05-24T06:27:49.586589+00:00 app[web.1]: at downloadFileFromMonday (/app/server.js:75:11)
2025-05-24T06:27:49.586589+00:00 app[web.1]: at /app/server.js:138:26
2025-05-24T06:27:49.586590+00:00 app[web.1]: at Layer.handle [as handle_request] (/app/node_modules/express/lib/router/layer.js:95:5)
2025-05-24T06:27:49.586590+00:00 app[web.1]: at next (/app/node_modules/express/lib/router/route.js:149:13)
2025-05-24T06:27:49.586590+00:00 app[web.1]: at Route.dispatch (/app/node_modules/express/lib/router/route.js:119:3)
2025-05-24T06:27:49.586591+00:00 app[web.1]: at Layer.handle [as handle_request] (/app/node_modules/express/lib/router/layer.js:95:5)
2025-05-24T06:27:49.586591+00:00 app[web.1]: at /app/node_modules/express/lib/router/index.js:284:15
2025-05-24T06:27:49.586591+00:00 app[web.1]: at Function.process_params (/app/node_modules/express/lib/router/index.js:346:12)
2025-05-24T06:27:49.586592+00:00 app[web.1]: at next (/app/node_modules/express/lib/router/index.js:280:10)
2025-05-24T06:27:49.586592+00:00 app[web.1]: at serveStatic (/app/node_modules/serve-static/index.js:75:16)
2025-05-24T06:27:49.587531+00:00 heroku[router]: at=info method=POST path="/resize-image" host=image-resizer-app-2024-a35abaeeab93.herokuapp.com request_id=ec1c151c-a993-4c0b-ae34-e7a7634aa19e fwd="158.222.233.111" dyno=web.1 connect=0ms service=3ms status=500 bytes=374 protocol=https
2025-05-24T06:29:11.000000+00:00 app[api]: Build started by user cam@artmonger.nyc
2025-05-24T06:29:59.593879+00:00 app[api]: Deploy 14159a22 by user cam@artmonger.nyc
2025-05-24T06:29:59.593879+00:00 app[api]: Release v63 created by user cam@artmonger.nyc
2025-05-24T06:29:59.823680+00:00 heroku[web.1]: Restarting
2025-05-24T06:29:59.876660+00:00 heroku[web.1]: State changed from up to starting
2025-05-24T06:30:00.512605+00:00 heroku[web.1]: Stopping all processes with SIGTERM
2025-05-24T06:30:00.599448+00:00 heroku[web.1]: Process exited with status 143
2025-05-24T06:30:06.070670+00:00 heroku[web.1]: Starting process with command `npm start`
2025-05-24T06:30:07.052204+00:00 app[web.1]: 
2025-05-24T06:30:07.052240+00:00 app[web.1]: > monday-image-transfer-app@0.1.0 start
2025-05-24T06:30:07.052253+00:00 app[web.1]: > node server.js
2025-05-24T06:30:07.052253+00:00 app[web.1]: 
2025-05-24T06:30:07.267460+00:00 app[web.1]: Server is running on port 44117
2025-05-24T06:30:07.703713+00:00 heroku[web.1]: State changed from starting to up
2025-05-24T06:30:28.000000+00:00 app[api]: Build succeeded
2025-05-25T06:51:41.484936+00:00 heroku[web.1]: Cycling
2025-05-25T06:51:41.486858+00:00 heroku[web.1]: State changed from up to starting
2025-05-25T06:51:42.040122+00:00 heroku[web.1]: Stopping all processes with SIGTERM
2025-05-25T06:51:42.151909+00:00 heroku[web.1]: Process exited with status 143
2025-05-25T06:51:48.043771+00:00 heroku[web.1]: Starting process with command `npm start`
2025-05-25T06:51:48.984904+00:00 app[web.1]: 
2025-05-25T06:51:48.984943+00:00 app[web.1]: > monday-image-transfer-app@0.1.0 start
2025-05-25T06:51:48.984953+00:00 app[web.1]: > node server.js
2025-05-25T06:51:48.984953+00:00 app[web.1]: 
2025-05-25T06:51:49.239362+00:00 app[web.1]: Server is running on port 49834
2025-05-25T06:51:49.763002+00:00 heroku[web.1]: State changed from starting to up
2025-05-25T10:05:05.578281+00:00 heroku[router]: at=info method=GET path="/monday-app-association.json" host=image-resizer-app-2024-a35abaeeab93.herokuapp.com request_id=cc98c062-099a-4c6a-a691-a00b75d5494e fwd="85.184.46.31" dyno=web.1 connect=0ms service=7ms status=200 bytes=418 protocol=https
2025-05-25T10:05:11.716994+00:00 heroku[router]: at=info method=GET path="/" host=image-resizer-app-2024-a35abaeeab93.herokuapp.com request_id=fb2f4c86-96df-47e6-a7dc-0e438ef998f9 fwd="85.184.46.31" dyno=web.1 connect=0ms service=2ms status=200 bytes=986 protocol=https
2025-05-25T10:05:11.902648+00:00 heroku[router]: at=info method=GET path="/static/js/main.227618b4.js" host=image-resizer-app-2024-a35abaeeab93.herokuapp.com request_id=560344d3-1e3d-42e7-956d-1306fb4cc9a3 fwd="85.184.46.31" dyno=web.1 connect=0ms service=3ms status=200 bytes=172146 protocol=https
2025-05-25T10:05:11.934869+00:00 heroku[router]: at=info method=GET path="/static/css/main.1990403b.css" host=image-resizer-app-2024-a35abaeeab93.herokuapp.com request_id=32f52f5a-47b1-4b56-8ffa-cbba61fc3def fwd="85.184.46.31" dyno=web.1 connect=0ms service=3ms status=200 bytes=7977 protocol=https
2025-05-25T10:05:13.953572+00:00 heroku[router]: at=info method=GET path="/manifest.json" host=image-resizer-app-2024-a35abaeeab93.herokuapp.com request_id=75b811ad-77a6-44f7-80b9-240b37267e5b fwd="85.184.46.31" dyno=web.1 connect=0ms service=1ms status=200 bytes=841 protocol=https
2025-05-25T10:05:14.256473+00:00 heroku[router]: at=info method=GET path="/logo192.png" host=image-resizer-app-2024-a35abaeeab93.herokuapp.com request_id=29ae12d3-a250-471d-9bb9-dc8f86e7c839 fwd="85.184.46.31" dyno=web.1 connect=0ms service=1ms status=200 bytes=5676 protocol=https
2025-05-25T10:10:08.991083+00:00 heroku[router]: at=info method=GET path="/?boardId=9227336842&itemId=9227336848&itemViewId=131286681&sessionToken=eyJhbGciOiJIUzI1NiJ9.eyJkYXQiOnsiY2xpZW50X2lkIjoiYmE5NDQ3YTdlMWVkZWJmNDJjZDJkOWI1NGNjNmRhNzgiLCJ1c2VyX2lkIjoyOTE1NDc2MiwiYWNjb3VudF9pZCI6NzI3MTg2Mywic2x1ZyI6ImFwcHNkZW1vcyIsImFwcF9pZCI6MTA0MDY0MzAsImFwcF92ZXJzaW9uX2lkIjoxMDc5Njc4NywiaW5zdGFsbF9pZCI6MTE1NTM4MjUsImlzX2FkbWluIjp0cnVlLCJpc192aWV3X29ubHkiOmZhbHNlLCJpc19ndWVzdCI6ZmFsc2UsInVzZXJfa2luZCI6ImFkbWluIn0sImV4cCI6MTc0ODI1NDIwOH0.vmi9WAQ1axfil6yXNxUWfULpAzkKCPoXeT1CsOeCgYs" host=image-resizer-app-2024-a35abaeeab93.herokuapp.com request_id=7673f0cc-63f3-4f34-8d45-8d4fff16a0a8 fwd="85.184.46.31" dyno=web.1 connect=0ms service=3ms status=200 bytes=986 protocol=https
2025-05-25T10:10:09.206570+00:00 heroku[router]: at=info method=GET path="/static/js/main.227618b4.js" host=image-resizer-app-2024-a35abaeeab93.herokuapp.com request_id=f3c501ab-32cb-4318-9273-9b1f7018f162 fwd="85.184.46.31" dyno=web.1 connect=0ms service=3ms status=200 bytes=172146 protocol=https
2025-05-25T10:10:09.507126+00:00 heroku[router]: at=info method=GET path="/static/css/main.1990403b.css" host=image-resizer-app-2024-a35abaeeab93.herokuapp.com request_id=cebce845-cde9-40ab-9a46-7ff03042f4ee fwd="85.184.46.31" dyno=web.1 connect=0ms service=2ms status=200 bytes=7977 protocol=https
2025-05-25T10:22:32.678719+00:00 heroku[router]: at=info method=GET path="/?boardId=9227336842&itemId=9227336848&itemViewId=131286681&sessionToken=eyJhbGciOiJIUzI1NiJ9.eyJkYXQiOnsiY2xpZW50X2lkIjoiYmE5NDQ3YTdlMWVkZWJmNDJjZDJkOWI1NGNjNmRhNzgiLCJ1c2VyX2lkIjoyOTE1NDc2MiwiYWNjb3VudF9pZCI6NzI3MTg2Mywic2x1ZyI6ImFwcHNkZW1vcyIsImFwcF9pZCI6MTA0MDY0MzAsImFwcF92ZXJzaW9uX2lkIjoxMDc5Njc4NywiaW5zdGFsbF9pZCI6MTE1NTM4MjUsImlzX2FkbWluIjp0cnVlLCJpc192aWV3X29ubHkiOmZhbHNlLCJpc19ndWVzdCI6ZmFsc2UsInVzZXJfa2luZCI6ImFkbWluIn0sImV4cCI6MTc0ODI1NDIwOH0.vmi9WAQ1axfil6yXNxUWfULpAzkKCPoXeT1CsOeCgYs" host=image-resizer-app-2024-a35abaeeab93.herokuapp.com request_id=cdf3e00c-fc94-40c5-938c-864914ae4ab5 fwd="85.184.46.31" dyno=web.1 connect=0ms service=2ms status=304 bytes=291 protocol=https
2025-05-25T10:22:32.859932+00:00 heroku[router]: at=info method=GET path="/static/js/main.227618b4.js" host=image-resizer-app-2024-a35abaeeab93.herokuapp.com request_id=7c630aea-c2a9-4189-a924-4a4be785fe9e fwd="85.184.46.31" dyno=web.1 connect=0ms service=1ms status=304 bytes=293 protocol=https
2025-05-25T10:22:32.996510+00:00 heroku[router]: at=info method=GET path="/static/css/main.1990403b.css" host=image-resizer-app-2024-a35abaeeab93.herokuapp.com request_id=eeb1ccef-ad4f-4a34-9930-b820f0b53496 fwd="85.184.46.31" dyno=web.1 connect=0ms service=1ms status=304 bytes=292 protocol=https
2025-05-25T10:22:48.784499+00:00 heroku[router]: at=info method=GET path="/?boardId=9227336842&itemId=9227336848&itemViewId=131286681&sessionToken=eyJhbGciOiJIUzI1NiJ9.eyJkYXQiOnsiY2xpZW50X2lkIjoiYmE5NDQ3YTdlMWVkZWJmNDJjZDJkOWI1NGNjNmRhNzgiLCJ1c2VyX2lkIjoyOTE1NDc2MiwiYWNjb3VudF9pZCI6NzI3MTg2Mywic2x1ZyI6ImFwcHNkZW1vcyIsImFwcF9pZCI6MTA0MDY0MzAsImFwcF92ZXJzaW9uX2lkIjoxMDc5Njc4NywiaW5zdGFsbF9pZCI6MTE1NTM4MjUsImlzX2FkbWluIjp0cnVlLCJpc192aWV3X29ubHkiOmZhbHNlLCJpc19ndWVzdCI6ZmFsc2UsInVzZXJfa2luZCI6ImFkbWluIn0sImV4cCI6MTc0ODI1NDIwOH0.vmi9WAQ1axfil6yXNxUWfULpAzkKCPoXeT1CsOeCgYs" host=image-resizer-app-2024-a35abaeeab93.herokuapp.com request_id=458c514e-1b60-49e2-9964-efcd15cc600c fwd="85.184.46.31" dyno=web.1 connect=0ms service=1ms status=304 bytes=291 protocol=https
2025-05-25T10:22:48.952278+00:00 heroku[router]: at=info method=GET path="/static/js/main.227618b4.js" host=image-resizer-app-2024-a35abaeeab93.herokuapp.com request_id=df796f27-1c39-4854-b216-313df911d173 fwd="85.184.46.31" dyno=web.1 connect=0ms service=2ms status=304 bytes=293 protocol=https
2025-05-25T10:22:48.953234+00:00 heroku[router]: at=info method=GET path="/static/css/main.1990403b.css" host=image-resizer-app-2024-a35abaeeab93.herokuapp.com request_id=44585d27-0551-4280-ba5a-1725d8d86456 fwd="85.184.46.31" dyno=web.1 connect=0ms service=2ms status=304 bytes=292 protocol=https
2025-05-25T10:25:38.420728+00:00 heroku[router]: at=info method=GET path="/?boardId=9227336842&itemId=9227336849&itemViewId=131286681&sessionToken=eyJhbGciOiJIUzI1NiJ9.eyJkYXQiOnsiY2xpZW50X2lkIjoiYmE5NDQ3YTdlMWVkZWJmNDJjZDJkOWI1NGNjNmRhNzgiLCJ1c2VyX2lkIjoyOTE1NDc2MiwiYWNjb3VudF9pZCI6NzI3MTg2Mywic2x1ZyI6ImFwcHNkZW1vcyIsImFwcF9pZCI6MTA0MDY0MzAsImFwcF92ZXJzaW9uX2lkIjoxMDc5Njc4NywiaW5zdGFsbF9pZCI6MTE1NTM4MjUsImlzX2FkbWluIjp0cnVlLCJpc192aWV3X29ubHkiOmZhbHNlLCJpc19ndWVzdCI6ZmFsc2UsInVzZXJfa2luZCI6ImFkbWluIn0sImV4cCI6MTc0ODI1NDIwOH0.vmi9WAQ1axfil6yXNxUWfULpAzkKCPoXeT1CsOeCgYs" host=image-resizer-app-2024-a35abaeeab93.herokuapp.com request_id=60564169-ddeb-47d3-8ec2-67e4e252fcc4 fwd="85.184.46.31" dyno=web.1 connect=0ms service=2ms status=200 bytes=986 protocol=https
2025-05-25T10:25:38.582990+00:00 heroku[router]: at=info method=GET path="/static/js/main.227618b4.js" host=image-resizer-app-2024-a35abaeeab93.herokuapp.com request_id=819b5f0b-c361-4fcd-a9de-995740ca3534 fwd="85.184.46.31" dyno=web.1 connect=0ms service=1ms status=304 bytes=293 protocol=https
2025-05-25T10:25:38.738193+00:00 heroku[router]: at=info method=GET path="/static/css/main.1990403b.css" host=image-resizer-app-2024-a35abaeeab93.herokuapp.com request_id=7ec450d7-b643-41af-8fc4-2c4d7e0a72b9 fwd="85.184.46.31" dyno=web.1 connect=0ms service=1ms status=304 bytes=292 protocol=https
2025-05-25T10:26:17.911638+00:00 heroku[router]: at=info method=GET path="/?boardId=9227336842&itemId=9227336849&itemViewId=131286681&sessionToken=eyJhbGciOiJIUzI1NiJ9.eyJkYXQiOnsiY2xpZW50X2lkIjoiYmE5NDQ3YTdlMWVkZWJmNDJjZDJkOWI1NGNjNmRhNzgiLCJ1c2VyX2lkIjoyOTE1NDc2MiwiYWNjb3VudF9pZCI6NzI3MTg2Mywic2x1ZyI6ImFwcHNkZW1vcyIsImFwcF9pZCI6MTA0MDY0MzAsImFwcF92ZXJzaW9uX2lkIjoxMDc5Njc4NywiaW5zdGFsbF9pZCI6MTE1NTM4MjUsImlzX2FkbWluIjp0cnVlLCJpc192aWV3X29ubHkiOmZhbHNlLCJpc19ndWVzdCI6ZmFsc2UsInVzZXJfa2luZCI6ImFkbWluIn0sImV4cCI6MTc0ODI1NDIwOH0.vmi9WAQ1axfil6yXNxUWfULpAzkKCPoXeT1CsOeCgYs" host=image-resizer-app-2024-a35abaeeab93.herokuapp.com request_id=0d880f1f-c22f-43db-bb7d-c2f9b55d95c4 fwd="85.184.46.31" dyno=web.1 connect=0ms service=1ms status=304 bytes=291 protocol=https
2025-05-25T10:26:18.069694+00:00 heroku[router]: at=info method=GET path="/static/css/main.1990403b.css" host=image-resizer-app-2024-a35abaeeab93.herokuapp.com request_id=22a2c3e5-e1c6-4275-831e-f003fe6b4d62 fwd="85.184.46.31" dyno=web.1 connect=0ms service=1ms status=304 bytes=292 protocol=https
2025-05-25T10:26:18.072384+00:00 heroku[router]: at=info method=GET path="/static/js/main.227618b4.js" host=image-resizer-app-2024-a35abaeeab93.herokuapp.com request_id=e6d16f07-d37d-40c9-b4e8-deb1b64487b0 fwd="85.184.46.31" dyno=web.1 connect=0ms service=1ms status=304 bytes=293 protocol=https
2025-05-25T10:26:20.890638+00:00 heroku[router]: at=info method=GET path="/?boardId=9227336842&itemId=9227336848&itemViewId=131286681&sessionToken=eyJhbGciOiJIUzI1NiJ9.eyJkYXQiOnsiY2xpZW50X2lkIjoiYmE5NDQ3YTdlMWVkZWJmNDJjZDJkOWI1NGNjNmRhNzgiLCJ1c2VyX2lkIjoyOTE1NDc2MiwiYWNjb3VudF9pZCI6NzI3MTg2Mywic2x1ZyI6ImFwcHNkZW1vcyIsImFwcF9pZCI6MTA0MDY0MzAsImFwcF92ZXJzaW9uX2lkIjoxMDc5Njc4NywiaW5zdGFsbF9pZCI6MTE1NTM4MjUsImlzX2FkbWluIjp0cnVlLCJpc192aWV3X29ubHkiOmZhbHNlLCJpc19ndWVzdCI6ZmFsc2UsInVzZXJfa2luZCI6ImFkbWluIn0sImV4cCI6MTc0ODI1NDIwOH0.vmi9WAQ1axfil6yXNxUWfULpAzkKCPoXeT1CsOeCgYs" host=image-resizer-app-2024-a35abaeeab93.herokuapp.com request_id=bed631c4-1114-4e0c-b11a-bb7ac379696e fwd="85.184.46.31" dyno=web.1 connect=0ms service=1ms status=304 bytes=291 protocol=https
2025-05-25T10:26:21.074655+00:00 heroku[router]: at=info method=GET path="/static/js/main.227618b4.js" host=image-resizer-app-2024-a35abaeeab93.herokuapp.com request_id=84f4a109-c419-4084-80a0-6dffa2a2382b fwd="85.184.46.31" dyno=web.1 connect=0ms service=1ms status=304 bytes=293 protocol=https
2025-05-25T10:26:21.074920+00:00 heroku[router]: at=info method=GET path="/static/css/main.1990403b.css" host=image-resizer-app-2024-a35abaeeab93.herokuapp.com request_id=2379fc54-3d14-4279-b79c-5926d2e78e52 fwd="85.184.46.31" dyno=web.1 connect=0ms service=1ms status=304 bytes=292 protocol=https
2025-05-25T10:26:21.461174+00:00 heroku[router]: at=info method=GET path="/?boardId=9227336842&itemId=9227336849&itemViewId=131286681&sessionToken=eyJhbGciOiJIUzI1NiJ9.eyJkYXQiOnsiY2xpZW50X2lkIjoiYmE5NDQ3YTdlMWVkZWJmNDJjZDJkOWI1NGNjNmRhNzgiLCJ1c2VyX2lkIjoyOTE1NDc2MiwiYWNjb3VudF9pZCI6NzI3MTg2Mywic2x1ZyI6ImFwcHNkZW1vcyIsImFwcF9pZCI6MTA0MDY0MzAsImFwcF92ZXJzaW9uX2lkIjoxMDc5Njc4NywiaW5zdGFsbF9pZCI6MTE1NTM4MjUsImlzX2FkbWluIjp0cnVlLCJpc192aWV3X29ubHkiOmZhbHNlLCJpc19ndWVzdCI6ZmFsc2UsInVzZXJfa2luZCI6ImFkbWluIn0sImV4cCI6MTc0ODI1NDIwOH0.vmi9WAQ1axfil6yXNxUWfULpAzkKCPoXeT1CsOeCgYs" host=image-resizer-app-2024-a35abaeeab93.herokuapp.com request_id=b08e33ca-1d05-45f2-a6a6-98c1d5b78d88 fwd="85.184.46.31" dyno=web.1 connect=0ms service=1ms status=304 bytes=291 protocol=https
2025-05-25T10:26:21.640983+00:00 heroku[router]: at=info method=GET path="/static/js/main.227618b4.js" host=image-resizer-app-2024-a35abaeeab93.herokuapp.com request_id=1b249dae-4c7d-4ea7-9340-994431e3a40a fwd="85.184.46.31" dyno=web.1 connect=0ms service=1ms status=304 bytes=293 protocol=https
2025-05-25T10:26:21.644447+00:00 heroku[router]: at=info method=GET path="/static/css/main.1990403b.css" host=image-resizer-app-2024-a35abaeeab93.herokuapp.com request_id=abf8d605-9190-4a94-abb4-bcd0e8f0bec5 fwd="85.184.46.31" dyno=web.1 connect=0ms service=1ms status=304 bytes=292 protocol=https
2025-05-25T10:27:50.108424+00:00 heroku[router]: at=info method=GET path="/?boardId=9227336842&itemId=9227336849&itemViewId=131286681&sessionToken=eyJhbGciOiJIUzI1NiJ9.eyJkYXQiOnsiY2xpZW50X2lkIjoiYmE5NDQ3YTdlMWVkZWJmNDJjZDJkOWI1NGNjNmRhNzgiLCJ1c2VyX2lkIjoyOTE1NDc2MiwiYWNjb3VudF9pZCI6NzI3MTg2Mywic2x1ZyI6ImFwcHNkZW1vcyIsImFwcF9pZCI6MTA0MDY0MzAsImFwcF92ZXJzaW9uX2lkIjoxMDc5Njc4NywiaW5zdGFsbF9pZCI6MTE1NTM4MjUsImlzX2FkbWluIjp0cnVlLCJpc192aWV3X29ubHkiOmZhbHNlLCJpc19ndWVzdCI6ZmFsc2UsInVzZXJfa2luZCI6ImFkbWluIn0sImV4cCI6MTc0ODI1NTI2OX0.PaHCUUZKXf5iowNtlYOOBNiXPXbIUVwmI16wbeK113I" host=image-resizer-app-2024-a35abaeeab93.herokuapp.com request_id=27facc7c-1ddc-401a-b406-d1706dc6de72 fwd="85.184.46.31" dyno=web.1 connect=0ms service=1ms status=200 bytes=986 protocol=https
2025-05-25T10:27:50.270657+00:00 heroku[router]: at=info method=GET path="/static/js/main.227618b4.js" host=image-resizer-app-2024-a35abaeeab93.herokuapp.com request_id=50492487-3e49-4639-941b-be05aa66c7cc fwd="85.184.46.31" dyno=web.1 connect=0ms service=1ms status=304 bytes=293 protocol=https
2025-05-25T10:27:50.410090+00:00 heroku[router]: at=info method=GET path="/static/css/main.1990403b.css" host=image-resizer-app-2024-a35abaeeab93.herokuapp.com request_id=cb4d1676-e1ea-4cea-9d78-6db854274d8a fwd="85.184.46.31" dyno=web.1 connect=0ms service=1ms status=304 bytes=292 protocol=https
2025-05-25T10:28:02.399028+00:00 app[web.1]: Received resize request
2025-05-25T10:28:02.400426+00:00 app[web.1]: Processing image with settings: {
2025-05-25T10:28:02.400427+00:00 app[web.1]: width: 800,
2025-05-25T10:28:02.400428+00:00 app[web.1]: height: 800,
2025-05-25T10:28:02.400428+00:00 app[web.1]: resizeMode: 'square',
2025-05-25T10:28:02.400428+00:00 app[web.1]: squareMode: 'crop',
2025-05-25T10:28:02.400429+00:00 app[web.1]: padColor: 'white',
2025-05-25T10:28:02.400429+00:00 app[web.1]: cropPosition: 'center'
2025-05-25T10:28:02.400429+00:00 app[web.1]: }
2025-05-25T10:28:02.400481+00:00 app[web.1]: Downloading image from: https://files-monday-com.s3.amazonaws.com/7271863/resources/2162394166/portrait.jpg?response-content-disposition=attachment&X-Amz-Algorithm=AWS4-HMAC-SHA256&X-Amz-Credential=AKIA4MPVJMFXJ4YPAV7U%2F20250525%2Fus-east-1%2Fs3%2Faws4_request&X-Amz-Date=20250525T102802Z&X-Amz-Expires=3600&X-Amz-SignedHeaders=host&X-Amz-Signature=3d55576b34cbde684db54f19379d0dac8259429ef529de0faecf9fc5930e4078
2025-05-25T10:28:02.400559+00:00 app[web.1]: Starting file download process...
2025-05-25T10:28:02.401458+00:00 app[web.1]: Error processing image: Error: Access to the specified domain is not allowed.
2025-05-25T10:28:02.401459+00:00 app[web.1]: at downloadFileFromMonday (/app/server.js:75:11)
2025-05-25T10:28:02.401460+00:00 app[web.1]: at /app/server.js:138:26
2025-05-25T10:28:02.401461+00:00 app[web.1]: at Layer.handle [as handle_request] (/app/node_modules/express/lib/router/layer.js:95:5)
2025-05-25T10:28:02.401461+00:00 app[web.1]: at next (/app/node_modules/express/lib/router/route.js:149:13)
2025-05-25T10:28:02.401461+00:00 app[web.1]: at Route.dispatch (/app/node_modules/express/lib/router/route.js:119:3)
2025-05-25T10:28:02.401461+00:00 app[web.1]: at Layer.handle [as handle_request] (/app/node_modules/express/lib/router/layer.js:95:5)
2025-05-25T10:28:02.401462+00:00 app[web.1]: at /app/node_modules/express/lib/router/index.js:284:15
2025-05-25T10:28:02.401462+00:00 app[web.1]: at Function.process_params (/app/node_modules/express/lib/router/index.js:346:12)
2025-05-25T10:28:02.401462+00:00 app[web.1]: at next (/app/node_modules/express/lib/router/index.js:280:10)
2025-05-25T10:28:02.401462+00:00 app[web.1]: at serveStatic (/app/node_modules/serve-static/index.js:75:16)
2025-05-25T10:28:02.403174+00:00 heroku[router]: at=info method=POST path="/resize-image" host=image-resizer-app-2024-a35abaeeab93.herokuapp.com request_id=816f4592-861c-4f24-8b02-77ce411cfd5b fwd="85.184.46.31" dyno=web.1 connect=0ms service=11ms status=500 bytes=374 protocol=https
2025-05-25T10:28:20.306316+00:00 app[web.1]: Received resize request
2025-05-25T10:28:20.306553+00:00 app[web.1]: Processing image with settings: {
2025-05-25T10:28:20.306554+00:00 app[web.1]: width: 800,
2025-05-25T10:28:20.306554+00:00 app[web.1]: height: 800,
2025-05-25T10:28:20.306554+00:00 app[web.1]: resizeMode: 'square',
2025-05-25T10:28:20.306555+00:00 app[web.1]: squareMode: 'pad',
2025-05-25T10:28:20.306555+00:00 app[web.1]: padColor: 'white',
2025-05-25T10:28:20.306555+00:00 app[web.1]: cropPosition: 'center'
2025-05-25T10:28:20.306555+00:00 app[web.1]: }
2025-05-25T10:28:20.306689+00:00 app[web.1]: Downloading image from: https://files-monday-com.s3.amazonaws.com/7271863/resources/2162394166/portrait.jpg?response-content-disposition=attachment&X-Amz-Algorithm=AWS4-HMAC-SHA256&X-Amz-Credential=AKIA4MPVJMFXJ4YPAV7U%2F20250525%2Fus-east-1%2Fs3%2Faws4_request&X-Amz-Date=20250525T102820Z&X-Amz-Expires=3600&X-Amz-SignedHeaders=host&X-Amz-Signature=c5ea972428175b0af19a28793ce36b338c13224777b766da716a3a866c4849f0
2025-05-25T10:28:20.306719+00:00 app[web.1]: Starting file download process...
2025-05-25T10:28:20.307036+00:00 app[web.1]: Error processing image: Error: Access to the specified domain is not allowed.
2025-05-25T10:28:20.307037+00:00 app[web.1]: at downloadFileFromMonday (/app/server.js:75:11)
2025-05-25T10:28:20.307037+00:00 app[web.1]: at /app/server.js:138:26
2025-05-25T10:28:20.307045+00:00 app[web.1]: at Layer.handle [as handle_request] (/app/node_modules/express/lib/router/layer.js:95:5)
2025-05-25T10:28:20.307045+00:00 app[web.1]: at next (/app/node_modules/express/lib/router/route.js:149:13)
2025-05-25T10:28:20.307045+00:00 app[web.1]: at Route.dispatch (/app/node_modules/express/lib/router/route.js:119:3)
2025-05-25T10:28:20.307046+00:00 app[web.1]: at Layer.handle [as handle_request] (/app/node_modules/express/lib/router/layer.js:95:5)
2025-05-25T10:28:20.307046+00:00 app[web.1]: at /app/node_modules/express/lib/router/index.js:284:15
2025-05-25T10:28:20.307046+00:00 app[web.1]: at Function.process_params (/app/node_modules/express/lib/router/index.js:346:12)
2025-05-25T10:28:20.307046+00:00 app[web.1]: at next (/app/node_modules/express/lib/router/index.js:280:10)
2025-05-25T10:28:20.307046+00:00 app[web.1]: at serveStatic (/app/node_modules/serve-static/index.js:75:16)
2025-05-25T10:28:20.307914+00:00 heroku[router]: at=info method=POST path="/resize-image" host=image-resizer-app-2024-a35abaeeab93.herokuapp.com request_id=a19c7067-45b6-4094-a232-84d35e95e5db fwd="85.184.46.31" dyno=web.1 connect=0ms service=3ms status=500 bytes=374 protocol=https
2025-05-25T10:28:47.400688+00:00 app[web.1]: Received resize request
2025-05-25T10:28:47.400825+00:00 app[web.1]: Processing image with settings: {
2025-05-25T10:28:47.400826+00:00 app[web.1]: width: 800,
2025-05-25T10:28:47.400827+00:00 app[web.1]: height: 800,
2025-05-25T10:28:47.400827+00:00 app[web.1]: resizeMode: 'square',
2025-05-25T10:28:47.400827+00:00 app[web.1]: squareMode: 'crop',
2025-05-25T10:28:47.400827+00:00 app[web.1]: padColor: 'white',
2025-05-25T10:28:47.400828+00:00 app[web.1]: cropPosition: 'top'
2025-05-25T10:28:47.400828+00:00 app[web.1]: }
2025-05-25T10:28:47.400858+00:00 app[web.1]: Downloading image from: https://files-monday-com.s3.amazonaws.com/7271863/resources/2162394166/portrait.jpg?response-content-disposition=attachment&X-Amz-Algorithm=AWS4-HMAC-SHA256&X-Amz-Credential=AKIA4MPVJMFXJ4YPAV7U%2F20250525%2Fus-east-1%2Fs3%2Faws4_request&X-Amz-Date=20250525T102847Z&X-Amz-Expires=3600&X-Amz-SignedHeaders=host&X-Amz-Signature=bd6791a9270385bd18f338934663ed3dd7a9e6b93194566c6c30420be4c43bb3
2025-05-25T10:28:47.401024+00:00 app[web.1]: Starting file download process...
2025-05-25T10:28:47.401325+00:00 app[web.1]: Error processing image: Error: Access to the specified domain is not allowed.
2025-05-25T10:28:47.401326+00:00 app[web.1]: at downloadFileFromMonday (/app/server.js:75:11)
2025-05-25T10:28:47.401327+00:00 app[web.1]: at /app/server.js:138:26
2025-05-25T10:28:47.401328+00:00 app[web.1]: at Layer.handle [as handle_request] (/app/node_modules/express/lib/router/layer.js:95:5)
2025-05-25T10:28:47.401328+00:00 app[web.1]: at next (/app/node_modules/express/lib/router/route.js:149:13)
2025-05-25T10:28:47.401328+00:00 app[web.1]: at Route.dispatch (/app/node_modules/express/lib/router/route.js:119:3)
2025-05-25T10:28:47.401329+00:00 app[web.1]: at Layer.handle [as handle_request] (/app/node_modules/express/lib/router/layer.js:95:5)
2025-05-25T10:28:47.401329+00:00 app[web.1]: at /app/node_modules/express/lib/router/index.js:284:15
2025-05-25T10:28:47.401329+00:00 app[web.1]: at Function.process_params (/app/node_modules/express/lib/router/index.js:346:12)
2025-05-25T10:28:47.401329+00:00 app[web.1]: at next (/app/node_modules/express/lib/router/index.js:280:10)
2025-05-25T10:28:47.401330+00:00 app[web.1]: at serveStatic (/app/node_modules/serve-static/index.js:75:16)
2025-05-25T10:28:47.402250+00:00 heroku[router]: at=info method=POST path="/resize-image" host=image-resizer-app-2024-a35abaeeab93.herokuapp.com request_id=56f93995-2465-4501-b912-495b572d1d0c fwd="85.184.46.31" dyno=web.1 connect=0ms service=2ms status=500 bytes=374 protocol=https
2025-05-25T10:34:11.348295+00:00 heroku[router]: at=info method=GET path="/?boardId=9227336842&itemId=9227336848&itemViewId=131286681&sessionToken=eyJhbGciOiJIUzI1NiJ9.eyJkYXQiOnsiY2xpZW50X2lkIjoiYmE5NDQ3YTdlMWVkZWJmNDJjZDJkOWI1NGNjNmRhNzgiLCJ1c2VyX2lkIjozMDU0MjQzNCwiYWNjb3VudF9pZCI6NzI3MTg2Mywic2x1ZyI6ImFwcHNkZW1vcyIsImFwcF9pZCI6MTA0MDY0MzAsImFwcF92ZXJzaW9uX2lkIjoxMDc5Njc4NywiaW5zdGFsbF9pZCI6MTE1NDcwMDYsImlzX2FkbWluIjpmYWxzZSwiaXNfdmlld19vbmx5Ijp0cnVlLCJpc19ndWVzdCI6ZmFsc2UsInVzZXJfa2luZCI6InZpZXdfb25seSJ9LCJleHAiOjE3NDc5OTE5NTJ9.dkojMzc5DgQ5oLnNfPKCna5t3d9OH_iDu8vOhwB0Ex0" host=image-resizer-app-2024-a35abaeeab93.herokuapp.com request_id=742e8b2e-fabe-41b4-a080-59fa073ae8ef fwd="85.184.46.31" dyno=web.1 connect=0ms service=1ms status=200 bytes=986 protocol=https
2025-05-25T10:34:11.609670+00:00 heroku[router]: at=info method=GET path="/static/js/main.227618b4.js" host=image-resizer-app-2024-a35abaeeab93.herokuapp.com request_id=9faca722-df99-4da3-8f06-3a20539a66dc fwd="85.184.46.31" dyno=web.1 connect=0ms service=3ms status=200 bytes=172146 protocol=https
2025-05-25T10:34:11.890594+00:00 heroku[router]: at=info method=GET path="/static/css/main.1990403b.css" host=image-resizer-app-2024-a35abaeeab93.herokuapp.com request_id=06145351-f78e-4a57-9315-a826151efaae fwd="85.184.46.31" dyno=web.1 connect=0ms service=1ms status=200 bytes=7977 protocol=https
2025-05-25T10:34:12.089859+00:00 heroku[router]: at=info method=GET path="/?boardId=9227336842&itemId=9227336848&itemViewId=131286681&sessionToken=eyJhbGciOiJIUzI1NiJ9.eyJkYXQiOnsiY2xpZW50X2lkIjoiYmE5NDQ3YTdlMWVkZWJmNDJjZDJkOWI1NGNjNmRhNzgiLCJ1c2VyX2lkIjozMDU0MjQzNCwiYWNjb3VudF9pZCI6NzI3MTg2Mywic2x1ZyI6ImFwcHNkZW1vcyIsImFwcF9pZCI6MTA0MDY0MzAsImFwcF92ZXJzaW9uX2lkIjoxMDc5Njc4NywiaW5zdGFsbF9pZCI6MTE1NTM4MjUsImlzX2FkbWluIjpmYWxzZSwiaXNfdmlld19vbmx5Ijp0cnVlLCJpc19ndWVzdCI6ZmFsc2UsInVzZXJfa2luZCI6InZpZXdfb25seSJ9LCJleHAiOjE3NDgyNTU2NTB9.NNhSXmxv2RC7yHfTni3JVPZhBZRvOGrNoVMXNt1tT_k" host=image-resizer-app-2024-a35abaeeab93.herokuapp.com request_id=72977ffa-7fbb-42ae-a81f-59107493b011 fwd="85.184.46.31" dyno=web.1 connect=0ms service=2ms status=200 bytes=986 protocol=https
2025-05-25T10:34:12.254920+00:00 heroku[router]: at=info method=GET path="/static/js/main.227618b4.js" host=image-resizer-app-2024-a35abaeeab93.herokuapp.com request_id=1fc72684-3a84-4782-8468-13c5222b4a8d fwd="85.184.46.31" dyno=web.1 connect=0ms service=3ms status=200 bytes=172146 protocol=https
2025-05-25T10:34:12.714003+00:00 heroku[router]: at=info method=GET path="/static/css/main.1990403b.css" host=image-resizer-app-2024-a35abaeeab93.herokuapp.com request_id=dbd8c25f-99fe-4664-b7a0-e4b6e8e3acfa fwd="85.184.46.31" dyno=web.1 connect=0ms service=1ms status=304 bytes=292 protocol=https
2025-05-25T10:35:02.094011+00:00 heroku[router]: at=info method=GET path="/static/css/main.1990403b.css" host=image-resizer-app-2024-a35abaeeab93.herokuapp.com request_id=8738f7dc-3895-4ec5-a29a-1fc3941fb7a0 fwd="85.184.46.31" dyno=web.1 connect=0ms service=1ms status=304 bytes=292 protocol=https
2025-05-25T10:35:02.147986+00:00 heroku[router]: at=info method=GET path="/static/js/main.227618b4.js.map" host=image-resizer-app-2024-a35abaeeab93.herokuapp.com request_id=70a59729-ce06-4136-bd98-be6d09cc699b fwd="85.184.46.31" dyno=web.1 connect=0ms service=3ms status=200 bytes=444834 protocol=https
2025-05-25T10:35:02.245265+00:00 heroku[router]: at=info method=GET path="/manifest.json" host=image-resizer-app-2024-a35abaeeab93.herokuapp.com request_id=87c912bd-8b43-4813-90b3-551fd21a1550 fwd="85.184.46.31" dyno=web.1 connect=0ms service=1ms status=200 bytes=841 protocol=https
2025-05-25T10:35:02.579849+00:00 heroku[router]: at=info method=GET path="/static/css/main.1990403b.css.map" host=image-resizer-app-2024-a35abaeeab93.herokuapp.com request_id=29dc2556-a5f9-4062-a8a4-65cc2dabb17a fwd="85.184.46.31" dyno=web.1 connect=0ms service=2ms status=200 bytes=13501 protocol=https
2025-05-25T10:35:18.077201+00:00 app[web.1]: Received resize request
2025-05-25T10:35:18.077296+00:00 app[web.1]: Processing image with settings: {
2025-05-25T10:35:18.077298+00:00 app[web.1]: width: 800,
2025-05-25T10:35:18.077299+00:00 app[web.1]: height: 800,
2025-05-25T10:35:18.077299+00:00 app[web.1]: resizeMode: 'custom',
2025-05-25T10:35:18.077299+00:00 app[web.1]: squareMode: 'crop',
2025-05-25T10:35:18.077299+00:00 app[web.1]: padColor: 'white',
2025-05-25T10:35:18.077299+00:00 app[web.1]: cropPosition: 'top'
2025-05-25T10:35:18.077300+00:00 app[web.1]: }
2025-05-25T10:35:18.077321+00:00 app[web.1]: Downloading image from: https://files-monday-com.s3.amazonaws.com/7271863/resources/2162394166/portrait.jpg?response-content-disposition=attachment&X-Amz-Algorithm=AWS4-HMAC-SHA256&X-Amz-Credential=AKIA4MPVJMFXJ4YPAV7U%2F20250525%2Fus-east-1%2Fs3%2Faws4_request&X-Amz-Date=20250525T103517Z&X-Amz-Expires=3600&X-Amz-SignedHeaders=host&X-Amz-Signature=2a4e95b247bacb195bd9ac7a6faa6362ab82ae9bbdc6d2cb794b4e95b2e87512
2025-05-25T10:35:18.077324+00:00 app[web.1]: Starting file download process...
2025-05-25T10:35:18.077548+00:00 app[web.1]: Error processing image: Error: Access to the specified domain is not allowed.
2025-05-25T10:35:18.077549+00:00 app[web.1]: at downloadFileFromMonday (/app/server.js:75:11)
2025-05-25T10:35:18.077550+00:00 app[web.1]: at /app/server.js:138:26
2025-05-25T10:35:18.077552+00:00 app[web.1]: at Layer.handle [as handle_request] (/app/node_modules/express/lib/router/layer.js:95:5)
2025-05-25T10:35:18.077552+00:00 app[web.1]: at next (/app/node_modules/express/lib/router/route.js:149:13)
2025-05-25T10:35:18.077552+00:00 app[web.1]: at Route.dispatch (/app/node_modules/express/lib/router/route.js:119:3)
2025-05-25T10:35:18.077552+00:00 app[web.1]: at Layer.handle [as handle_request] (/app/node_modules/express/lib/router/layer.js:95:5)
2025-05-25T10:35:18.077552+00:00 app[web.1]: at /app/node_modules/express/lib/router/index.js:284:15
2025-05-25T10:35:18.077553+00:00 app[web.1]: at Function.process_params (/app/node_modules/express/lib/router/index.js:346:12)
2025-05-25T10:35:18.077553+00:00 app[web.1]: at next (/app/node_modules/express/lib/router/index.js:280:10)
2025-05-25T10:35:18.077553+00:00 app[web.1]: at serveStatic (/app/node_modules/serve-static/index.js:75:16)
2025-05-25T10:35:18.078483+00:00 heroku[router]: at=info method=POST path="/resize-image" host=image-resizer-app-2024-a35abaeeab93.herokuapp.com request_id=f081dcd7-2084-428b-ac4e-7e3c43bc0686 fwd="85.184.46.31" dyno=web.1 connect=0ms service=2ms status=500 bytes=374 protocol=https
2025-05-25T10:36:52.346982+00:00 heroku[router]: at=info method=GET path="/" host=image-resizer-app-2024-a35abaeeab93.herokuapp.com request_id=13fe9add-45ef-43fc-8f46-4b4d0a16d000 fwd="85.184.46.31" dyno=web.1 connect=0ms service=1ms status=304 bytes=291 protocol=https
2025-05-25T10:36:52.705987+00:00 heroku[router]: at=info method=GET path="/static/css/main.1990403b.css" host=image-resizer-app-2024-a35abaeeab93.herokuapp.com request_id=94e71248-d89d-478d-bf60-9abdf03ada0f fwd="85.184.46.31" dyno=web.1 connect=0ms service=1ms status=304 bytes=292 protocol=https
2025-05-25T10:36:52.706343+00:00 heroku[router]: at=info method=GET path="/static/js/main.227618b4.js" host=image-resizer-app-2024-a35abaeeab93.herokuapp.com request_id=3781759e-b8f5-4782-83a0-470daa729d0f fwd="85.184.46.31" dyno=web.1 connect=0ms service=2ms status=304 bytes=293 protocol=https
2025-05-25T10:36:53.703658+00:00 heroku[router]: at=info method=GET path="/manifest.json" host=image-resizer-app-2024-a35abaeeab93.herokuapp.com request_id=7f5c6d6c-3882-477b-972f-c76363ba4ad3 fwd="85.184.46.31" dyno=web.1 connect=0ms service=1ms status=304 bytes=291 protocol=https
2025-05-25T10:36:53.872555+00:00 heroku[router]: at=info method=GET path="/logo192.png" host=image-resizer-app-2024-a35abaeeab93.herokuapp.com request_id=c0d5eb78-952e-41c8-a93b-83ca0935ac81 fwd="85.184.46.31" dyno=web.1 connect=0ms service=1ms status=304 bytes=292 protocol=https
2025-05-25T10:39:32.692805+00:00 heroku[router]: at=info method=GET path="/privacy" host=image-resizer-app-2024-a35abaeeab93.herokuapp.com request_id=8e947fb7-1068-4eed-8472-7f8de7a374d0 fwd="85.184.46.31" dyno=web.1 connect=0ms service=3ms status=200 bytes=4129 protocol=https
2025-05-25T10:41:53.322591+00:00 heroku[router]: at=info method=GET path="/privacy" host=image-resizer-app-2024-a35abaeeab93.herokuapp.com request_id=6addc4cf-7591-44ef-9c81-be088531c88b fwd="85.184.46.31" dyno=web.1 connect=0ms service=1ms status=304 bytes=291 protocol=https
2025-05-25T10:42:15.786630+00:00 heroku[router]: at=info method=GET path="/privacy" host=image-resizer-app-2024-a35abaeeab93.herokuapp.com request_id=a668496e-20bd-4085-9338-f8aafec01114 fwd="85.184.46.31" dyno=web.1 connect=0ms service=1ms status=304 bytes=291 protocol=https
2025-05-25T10:43:55.607930+00:00 heroku[router]: at=info method=GET path="/" host=image-resizer-app-2024-a35abaeeab93.herokuapp.com request_id=a6456ee2-bb45-4bda-a820-7a00009f31c0 fwd="64.41.200.112" dyno=web.1 connect=0ms service=1ms status=200 bytes=986 protocol=https
2025-05-25T10:45:30.905037+00:00 heroku[router]: at=info method=GET path="/" host=image-resizer-app-2024-a35abaeeab93.herokuapp.com request_id=b974870a-b7ec-42b9-a43c-dfa928f23c59 fwd="64.41.200.112" dyno=web.1 connect=0ms service=1ms status=200 bytes=986 protocol=https
2025-05-25T10:47:03.406506+00:00 heroku[router]: at=info method=GET path="/" host=image-resizer-app-2024-a35abaeeab93.herokuapp.com request_id=c823ced6-736a-471c-ba63-cb5b9052c331 fwd="64.41.200.112" dyno=web.1 connect=0ms service=1ms status=200 bytes=986 protocol=https
2025-05-25T10:48:35.227987+00:00 heroku[router]: at=info method=GET path="/" host=image-resizer-app-2024-a35abaeeab93.herokuapp.com request_id=b46f4dea-8986-4aba-94be-f49e8a5bc189 fwd="64.41.200.112" dyno=web.1 connect=0ms service=1ms status=200 bytes=986 protocol=https
2025-05-25T10:50:15.817592+00:00 heroku[router]: at=info method=GET path="/" host=image-resizer-app-2024-a35abaeeab93.herokuapp.com request_id=7e122a05-9508-4b09-bafc-55c7db5308ab fwd="139.59.172.186" dyno=web.1 connect=0ms service=1ms status=200 bytes=986 protocol=https
2025-05-25T10:51:20.099810+00:00 heroku[router]: at=info method=GET path="/?boardId=9227336842&itemId=9227336849&itemViewId=131286681&sessionToken=eyJhbGciOiJIUzI1NiJ9.eyJkYXQiOnsiY2xpZW50X2lkIjoiYmE5NDQ3YTdlMWVkZWJmNDJjZDJkOWI1NGNjNmRhNzgiLCJ1c2VyX2lkIjoyOTE1NDc2MiwiYWNjb3VudF9pZCI6NzI3MTg2Mywic2x1ZyI6ImFwcHNkZW1vcyIsImFwcF9pZCI6MTA0MDY0MzAsImFwcF92ZXJzaW9uX2lkIjoxMDc5Njc4NywiaW5zdGFsbF9pZCI6MTE1NTM4MjUsImlzX2FkbWluIjp0cnVlLCJpc192aWV3X29ubHkiOmZhbHNlLCJpc19ndWVzdCI6ZmFsc2UsInVzZXJfa2luZCI6ImFkbWluIn0sImV4cCI6MTc0ODI1NTI2OX0.PaHCUUZKXf5iowNtlYOOBNiXPXbIUVwmI16wbeK113I" host=image-resizer-app-2024-a35abaeeab93.herokuapp.com request_id=a6d7dc63-e809-4414-83b5-23b42b146fdb fwd="85.184.46.31" dyno=web.1 connect=0ms service=1ms status=304 bytes=291 protocol=https
2025-05-25T10:51:20.303380+00:00 heroku[router]: at=info method=GET path="/static/css/main.1990403b.css" host=image-resizer-app-2024-a35abaeeab93.herokuapp.com request_id=9e3d2404-e970-451e-b2eb-9d5d678c35a6 fwd="85.184.46.31" dyno=web.1 connect=0ms service=1ms status=304 bytes=292 protocol=https
2025-05-25T10:51:20.442985+00:00 heroku[router]: at=info method=GET path="/static/js/main.227618b4.js" host=image-resizer-app-2024-a35abaeeab93.herokuapp.com request_id=b1e3f726-831d-4d22-98c5-85a5f640891e fwd="85.184.46.31" dyno=web.1 connect=0ms service=2ms status=304 bytes=293 protocol=https
2025-05-25T10:51:20.589664+00:00 heroku[router]: at=info method=GET path="/static/css/main.1990403b.css.map" host=image-resizer-app-2024-a35abaeeab93.herokuapp.com request_id=68d8496b-e469-4378-8555-0556b5e2dd4f fwd="85.184.46.31" dyno=web.1 connect=0ms service=1ms status=304 bytes=292 protocol=https
2025-05-25T10:51:20.641847+00:00 heroku[router]: at=info method=GET path="/static/js/main.227618b4.js.map" host=image-resizer-app-2024-a35abaeeab93.herokuapp.com request_id=f791d40c-1553-4454-a6f1-1f5579de3afc fwd="85.184.46.31" dyno=web.1 connect=0ms service=0ms status=304 bytes=293 protocol=https
2025-05-26T07:08:25.182134+00:00 heroku[web.1]: Cycling
2025-05-26T07:08:25.184094+00:00 heroku[web.1]: State changed from up to starting
2025-05-26T07:08:25.743460+00:00 heroku[web.1]: Stopping all processes with SIGTERM
2025-05-26T07:08:25.831182+00:00 heroku[web.1]: Process exited with status 143
2025-05-26T07:08:31.308406+00:00 heroku[web.1]: Starting process with command `npm start`
2025-05-26T07:08:32.167108+00:00 app[web.1]: 
2025-05-26T07:08:32.167142+00:00 app[web.1]: > monday-image-transfer-app@0.1.0 start
2025-05-26T07:08:32.167153+00:00 app[web.1]: > node server.js
2025-05-26T07:08:32.167153+00:00 app[web.1]: 
2025-05-26T07:08:32.364376+00:00 app[web.1]: Server is running on port 25984
2025-05-26T07:08:32.475522+00:00 heroku[web.1]: State changed from starting to up
2025-05-26T23:15:58.182726+00:00 heroku[router]: at=info method=GET path="/?boardId=9149820501&itemId=9234686035&itemViewId=130962908&sessionToken=eyJhbGciOiJIUzI1NiJ9.eyJkYXQiOnsiY2xpZW50X2lkIjoiYmE5NDQ3YTdlMWVkZWJmNDJjZDJkOWI1NGNjNmRhNzgiLCJ1c2VyX2lkIjo3MzA1NDUzOCwiYWNjb3VudF9pZCI6MjgzODAxNDEsInNsdWciOiJhcnRtb25nZXIiLCJhcHBfaWQiOjEwNDA2NDMwLCJhcHBfdmVyc2lvbl9pZCI6MTA3OTY3ODcsImluc3RhbGxfaWQiOi0yLCJpc19hZG1pbiI6dHJ1ZSwiaXNfdmlld19vbmx5IjpmYWxzZSwiaXNfZ3Vlc3QiOmZhbHNlLCJ1c2VyX2tpbmQiOiJhZG1pbiJ9LCJleHAiOjE3NDgzODc3NTJ9.RoIekflJ6ZxJDglIM5o9uT3mAWS6Txw5YBIxOlb5Xtk" host=image-resizer-app-2024-a35abaeeab93.herokuapp.com request_id=c2ed9694-c797-4199-b8d9-6d4396d8f5b6 fwd="164.86.16.181" dyno=web.1 connect=0ms service=102ms status=200 bytes=986 protocol=https
2025-05-26T23:15:58.886560+00:00 heroku[router]: at=info method=GET path="/static/js/main.227618b4.js" host=image-resizer-app-2024-a35abaeeab93.herokuapp.com request_id=a3cdb34f-6f84-4fa5-9db9-bc979fcc6870 fwd="164.86.16.181" dyno=web.1 connect=0ms service=5ms status=200 bytes=172146 protocol=https
2025-05-26T23:15:59.601082+00:00 heroku[router]: at=info method=GET path="/static/css/main.1990403b.css" host=image-resizer-app-2024-a35abaeeab93.herokuapp.com request_id=b4f1697f-be83-4849-9b9c-7efa3a7fe04f fwd="164.86.16.181" dyno=web.1 connect=0ms service=3ms status=200 bytes=7977 protocol=https
2025-05-26T23:16:29.668827+00:00 app[web.1]: Received resize request
2025-05-26T23:16:29.671577+00:00 app[web.1]: Processing image with settings: {
2025-05-26T23:16:29.671578+00:00 app[web.1]: width: 500,
2025-05-26T23:16:29.671578+00:00 app[web.1]: height: 500,
2025-05-26T23:16:29.671579+00:00 app[web.1]: resizeMode: 'square',
2025-05-26T23:16:29.671579+00:00 app[web.1]: squareMode: 'crop',
2025-05-26T23:16:29.671579+00:00 app[web.1]: padColor: 'white',
2025-05-26T23:16:29.671579+00:00 app[web.1]: cropPosition: 'top'
2025-05-26T23:16:29.671579+00:00 app[web.1]: }
2025-05-26T23:16:29.671627+00:00 app[web.1]: Downloading image from: https://files-monday-com.s3.amazonaws.com/28380141/resources/2164548326/a-white-llama-chews-cud-in-a-field.jpg?response-content-disposition=attachment&X-Amz-Algorithm=AWS4-HMAC-SHA256&X-Amz-Credential=AKIA4MPVJMFXJ4YPAV7U%2F20250526%2Fus-east-1%2Fs3%2Faws4_request&X-Amz-Date=20250526T231628Z&X-Amz-Expires=3600&X-Amz-SignedHeaders=host&X-Amz-Signature=7f5db86a5526bf8fad2c8abe5504ce9156e968706e51de369798b976c697dbf3
2025-05-26T23:16:29.671718+00:00 app[web.1]: Starting file download process...
2025-05-26T23:16:29.677069+00:00 app[web.1]: Error processing image: Error: Access to the specified domain is not allowed.
2025-05-26T23:16:29.677071+00:00 app[web.1]: at downloadFileFromMonday (/app/server.js:75:11)
2025-05-26T23:16:29.677072+00:00 app[web.1]: at /app/server.js:138:26
2025-05-26T23:16:29.677073+00:00 app[web.1]: at Layer.handle [as handle_request] (/app/node_modules/express/lib/router/layer.js:95:5)
2025-05-26T23:16:29.677073+00:00 app[web.1]: at next (/app/node_modules/express/lib/router/route.js:149:13)
2025-05-26T23:16:29.677073+00:00 app[web.1]: at Route.dispatch (/app/node_modules/express/lib/router/route.js:119:3)
2025-05-26T23:16:29.677073+00:00 app[web.1]: at Layer.handle [as handle_request] (/app/node_modules/express/lib/router/layer.js:95:5)
2025-05-26T23:16:29.677074+00:00 app[web.1]: at /app/node_modules/express/lib/router/index.js:284:15
2025-05-26T23:16:29.677074+00:00 app[web.1]: at Function.process_params (/app/node_modules/express/lib/router/index.js:346:12)
2025-05-26T23:16:29.677074+00:00 app[web.1]: at next (/app/node_modules/express/lib/router/index.js:280:10)
2025-05-26T23:16:29.677074+00:00 app[web.1]: at serveStatic (/app/node_modules/serve-static/index.js:75:16)
2025-05-26T23:16:29.692836+00:00 heroku[router]: at=info method=POST path="/resize-image" host=image-resizer-app-2024-a35abaeeab93.herokuapp.com request_id=731447cf-a9ce-4922-8fe1-c23006b20833 fwd="164.86.16.181" dyno=web.1 connect=0ms service=40ms status=500 bytes=374 protocol=https
2025-05-26T23:16:32.883068+00:00 heroku[router]: at=info method=GET path="/?boardId=9149820501&itemId=9234686324&itemViewId=130962908&sessionToken=eyJhbGciOiJIUzI1NiJ9.eyJkYXQiOnsiY2xpZW50X2lkIjoiYmE5NDQ3YTdlMWVkZWJmNDJjZDJkOWI1NGNjNmRhNzgiLCJ1c2VyX2lkIjo3MzA1NDUzOCwiYWNjb3VudF9pZCI6MjgzODAxNDEsInNsdWciOiJhcnRtb25nZXIiLCJhcHBfaWQiOjEwNDA2NDMwLCJhcHBfdmVyc2lvbl9pZCI6MTA3OTY3ODcsImluc3RhbGxfaWQiOi0yLCJpc19hZG1pbiI6dHJ1ZSwiaXNfdmlld19vbmx5IjpmYWxzZSwiaXNfZ3Vlc3QiOmZhbHNlLCJ1c2VyX2tpbmQiOiJhZG1pbiJ9LCJleHAiOjE3NDgzODc3NTJ9.RoIekflJ6ZxJDglIM5o9uT3mAWS6Txw5YBIxOlb5Xtk" host=image-resizer-app-2024-a35abaeeab93.herokuapp.com request_id=c2b14043-509d-4767-8883-b34cb3f9579c fwd="164.86.16.181" dyno=web.1 connect=0ms service=1ms status=200 bytes=986 protocol=https
2025-05-26T23:16:33.603798+00:00 heroku[router]: at=info method=GET path="/static/js/main.227618b4.js" host=image-resizer-app-2024-a35abaeeab93.herokuapp.com request_id=75f609a2-c024-4ca2-a800-d12d3b8f4838 fwd="164.86.16.181" dyno=web.1 connect=0ms service=1ms status=304 bytes=293 protocol=https
2025-05-26T23:16:34.276664+00:00 heroku[router]: at=info method=GET path="/static/css/main.1990403b.css" host=image-resizer-app-2024-a35abaeeab93.herokuapp.com request_id=1cdf42f1-a1d1-49f7-80e5-cbdf20e4165c fwd="164.86.16.181" dyno=web.1 connect=0ms service=1ms status=304 bytes=292 protocol=https
2025-05-26T23:16:56.565626+00:00 app[web.1]: Received resize request
2025-05-26T23:16:56.565790+00:00 app[web.1]: Processing image with settings: {
2025-05-26T23:16:56.565791+00:00 app[web.1]: width: 600,
2025-05-26T23:16:56.565791+00:00 app[web.1]: height: 600,
2025-05-26T23:16:56.565791+00:00 app[web.1]: resizeMode: 'square',
2025-05-26T23:16:56.565791+00:00 app[web.1]: squareMode: 'pad',
2025-05-26T23:16:56.565792+00:00 app[web.1]: padColor: 'white',
2025-05-26T23:16:56.565792+00:00 app[web.1]: cropPosition: 'center'
2025-05-26T23:16:56.565792+00:00 app[web.1]: }
2025-05-26T23:16:56.565957+00:00 app[web.1]: Downloading image from: https://files-monday-com.s3.amazonaws.com/28380141/resources/2164548342/llamas-in-peru.jpg?response-content-disposition=attachment&X-Amz-Algorithm=AWS4-HMAC-SHA256&X-Amz-Credential=AKIA4MPVJMFXJ4YPAV7U%2F20250526%2Fus-east-1%2Fs3%2Faws4_request&X-Amz-Date=20250526T231654Z&X-Amz-Expires=3600&X-Amz-SignedHeaders=host&X-Amz-Signature=1a6e32c4df1f3b182d79acbdd3655702baaa8dc936677fd4078662ca02592883
2025-05-26T23:16:56.565966+00:00 app[web.1]: Starting file download process...
2025-05-26T23:16:56.566277+00:00 app[web.1]: Error processing image: Error: Access to the specified domain is not allowed.
2025-05-26T23:16:56.566279+00:00 app[web.1]: at downloadFileFromMonday (/app/server.js:75:11)
2025-05-26T23:16:56.566279+00:00 app[web.1]: at /app/server.js:138:26
2025-05-26T23:16:56.566280+00:00 app[web.1]: at Layer.handle [as handle_request] (/app/node_modules/express/lib/router/layer.js:95:5)
2025-05-26T23:16:56.566280+00:00 app[web.1]: at next (/app/node_modules/express/lib/router/route.js:149:13)
2025-05-26T23:16:56.566281+00:00 app[web.1]: at Route.dispatch (/app/node_modules/express/lib/router/route.js:119:3)
2025-05-26T23:16:56.566281+00:00 app[web.1]: at Layer.handle [as handle_request] (/app/node_modules/express/lib/router/layer.js:95:5)
2025-05-26T23:16:56.566281+00:00 app[web.1]: at /app/node_modules/express/lib/router/index.js:284:15
2025-05-26T23:16:56.566282+00:00 app[web.1]: at Function.process_params (/app/node_modules/express/lib/router/index.js:346:12)
2025-05-26T23:16:56.566282+00:00 app[web.1]: at next (/app/node_modules/express/lib/router/index.js:280:10)
2025-05-26T23:16:56.566282+00:00 app[web.1]: at serveStatic (/app/node_modules/serve-static/index.js:75:16)
2025-05-26T23:16:56.567077+00:00 heroku[router]: at=info method=POST path="/resize-image" host=image-resizer-app-2024-a35abaeeab93.herokuapp.com request_id=e8caa56b-0e5f-4651-b99b-4248ae9bbc37 fwd="164.86.16.181" dyno=web.1 connect=0ms service=3ms status=500 bytes=374 protocol=https
2025-05-26T23:18:12.929414+00:00 heroku[router]: at=info method=GET path="/?boardId=9149820501&itemId=9234686035&itemViewId=130962908&sessionToken=eyJhbGciOiJIUzI1NiJ9.eyJkYXQiOnsiY2xpZW50X2lkIjoiYmE5NDQ3YTdlMWVkZWJmNDJjZDJkOWI1NGNjNmRhNzgiLCJ1c2VyX2lkIjo3MzA1NDUzOCwiYWNjb3VudF9pZCI6MjgzODAxNDEsInNsdWciOiJhcnRtb25nZXIiLCJhcHBfaWQiOjEwNDA2NDMwLCJhcHBfdmVyc2lvbl9pZCI6MTA3OTY3ODcsImluc3RhbGxfaWQiOi0yLCJpc19hZG1pbiI6dHJ1ZSwiaXNfdmlld19vbmx5IjpmYWxzZSwiaXNfZ3Vlc3QiOmZhbHNlLCJ1c2VyX2tpbmQiOiJhZG1pbiJ9LCJleHAiOjE3NDgzODc4ODZ9.KcqzJj6CIiTwN02d_Qwon9gYeR0Ok_oMM-D-xwk9htk" host=image-resizer-app-2024-a35abaeeab93.herokuapp.com request_id=53cbcf52-c4c5-461e-b093-c82ed08e3e6a fwd="164.86.16.181" dyno=web.1 connect=0ms service=2ms status=200 bytes=986 protocol=https
2025-05-26T23:18:13.638612+00:00 heroku[router]: at=info method=GET path="/static/js/main.227618b4.js" host=image-resizer-app-2024-a35abaeeab93.herokuapp.com request_id=4ccfa9a2-d92e-4afb-9bc2-86c39e4e3c6d fwd="164.86.16.181" dyno=web.1 connect=0ms service=2ms status=304 bytes=293 protocol=https
2025-05-26T23:18:14.366235+00:00 heroku[router]: at=info method=GET path="/static/css/main.1990403b.css" host=image-resizer-app-2024-a35abaeeab93.herokuapp.com request_id=fcfff9a9-8e64-4244-a452-a3dca113ff3c fwd="164.86.16.181" dyno=web.1 connect=0ms service=1ms status=304 bytes=292 protocol=https
2025-05-26T23:18:45.571638+00:00 app[web.1]: Received resize request
2025-05-26T23:18:45.571828+00:00 app[web.1]: Processing image with settings: {
2025-05-26T23:18:45.571828+00:00 app[web.1]: width: 500,
2025-05-26T23:18:45.571828+00:00 app[web.1]: height: 500,
2025-05-26T23:18:45.571829+00:00 app[web.1]: resizeMode: 'square',
2025-05-26T23:18:45.571829+00:00 app[web.1]: squareMode: 'crop',
2025-05-26T23:18:45.571829+00:00 app[web.1]: padColor: 'white',
2025-05-26T23:18:45.571829+00:00 app[web.1]: cropPosition: 'top'
2025-05-26T23:18:45.571829+00:00 app[web.1]: }
2025-05-26T23:18:45.571851+00:00 app[web.1]: Downloading image from: https://files-monday-com.s3.amazonaws.com/28380141/resources/2164549773/Screenshot%202025-05-26%20at%207.17.38%20PM.png?response-content-disposition=attachment&X-Amz-Algorithm=AWS4-HMAC-SHA256&X-Amz-Credential=AKIA4MPVJMFXJ4YPAV7U%2F20250526%2Fus-east-1%2Fs3%2Faws4_request&X-Amz-Date=20250526T231844Z&X-Amz-Expires=3600&X-Amz-SignedHeaders=host&X-Amz-Signature=388f2936eee41d6ef30b977387c08bdfdc0d93b416cd5347c5d0865dba59dbcb
2025-05-26T23:18:45.571866+00:00 app[web.1]: Starting file download process...
2025-05-26T23:18:45.572088+00:00 app[web.1]: Error processing image: Error: Access to the specified domain is not allowed.
2025-05-26T23:18:45.572090+00:00 app[web.1]: at downloadFileFromMonday (/app/server.js:75:11)
2025-05-26T23:18:45.572090+00:00 app[web.1]: at /app/server.js:138:26
2025-05-26T23:18:45.572093+00:00 app[web.1]: at Layer.handle [as handle_request] (/app/node_modules/express/lib/router/layer.js:95:5)
2025-05-26T23:18:45.572093+00:00 app[web.1]: at next (/app/node_modules/express/lib/router/route.js:149:13)
2025-05-26T23:18:45.572094+00:00 app[web.1]: at Route.dispatch (/app/node_modules/express/lib/router/route.js:119:3)
2025-05-26T23:18:45.572094+00:00 app[web.1]: at Layer.handle [as handle_request] (/app/node_modules/express/lib/router/layer.js:95:5)
2025-05-26T23:18:45.572094+00:00 app[web.1]: at /app/node_modules/express/lib/router/index.js:284:15
2025-05-26T23:18:45.572095+00:00 app[web.1]: at Function.process_params (/app/node_modules/express/lib/router/index.js:346:12)
2025-05-26T23:18:45.572095+00:00 app[web.1]: at next (/app/node_modules/express/lib/router/index.js:280:10)
2025-05-26T23:18:45.572095+00:00 app[web.1]: at serveStatic (/app/node_modules/serve-static/index.js:75:16)
2025-05-26T23:18:45.572904+00:00 heroku[router]: at=info method=POST path="/resize-image" host=image-resizer-app-2024-a35abaeeab93.herokuapp.com request_id=03aa3343-0e50-4aa1-802f-167655d5e498 fwd="164.86.16.181" dyno=web.1 connect=0ms service=2ms status=500 bytes=374 protocol=https
2025-05-26T23:20:51.921974+00:00 heroku[router]: at=info method=GET path="/static/css/main.1990403b.css" host=image-resizer-app-2024-a35abaeeab93.herokuapp.com request_id=ab8e277c-ed08-498f-94b8-48f0a4fcd567 fwd="164.86.16.181" dyno=web.1 connect=0ms service=2ms status=304 bytes=292 protocol=https
2025-05-26T23:20:51.926119+00:00 heroku[router]: at=info method=GET path="/static/js/main.227618b4.js.map" host=image-resizer-app-2024-a35abaeeab93.herokuapp.com request_id=c18a38d4-768e-4eb7-9699-3419ad6113b1 fwd="164.86.16.181" dyno=web.1 connect=0ms service=6ms status=200 bytes=444834 protocol=https
2025-05-26T23:20:52.571775+00:00 heroku[router]: at=info method=GET path="/manifest.json" host=image-resizer-app-2024-a35abaeeab93.herokuapp.com request_id=31156fd7-9612-47ab-b10b-febe41567a42 fwd="164.86.16.181" dyno=web.1 connect=0ms service=18ms status=200 bytes=841 protocol=https
2025-05-26T23:20:53.281370+00:00 heroku[router]: at=info method=GET path="/static/css/main.1990403b.css.map" host=image-resizer-app-2024-a35abaeeab93.herokuapp.com request_id=837bd921-3e40-4fb9-8ad7-6ba687b4724b fwd="164.86.16.181" dyno=web.1 connect=0ms service=4ms status=200 bytes=13501 protocol=https
2025-05-26T23:22:05.000000+00:00 app[api]: Build started by user cam@artmonger.nyc
2025-05-26T23:22:43.779176+00:00 app[api]: Release v64 created by user cam@artmonger.nyc
2025-05-26T23:22:43.779176+00:00 app[api]: Deploy 4cf6982b by user cam@artmonger.nyc
2025-05-26T23:22:44.005024+00:00 heroku[web.1]: Restarting
2025-05-26T23:22:44.054771+00:00 heroku[web.1]: State changed from up to starting
2025-05-26T23:22:44.610709+00:00 heroku[web.1]: Stopping all processes with SIGTERM
2025-05-26T23:22:44.667194+00:00 heroku[web.1]: Process exited with status 143
2025-05-26T23:22:50.303894+00:00 heroku[web.1]: Starting process with command `npm start`
2025-05-26T23:22:51.376457+00:00 app[web.1]: 
2025-05-26T23:22:51.376469+00:00 app[web.1]: > monday-image-transfer-app@0.1.0 start
2025-05-26T23:22:51.376470+00:00 app[web.1]: > node server.js
2025-05-26T23:22:51.376470+00:00 app[web.1]: 
2025-05-26T23:22:51.623798+00:00 app[web.1]: Server is running on port 9996
2025-05-26T23:22:52.106143+00:00 heroku[web.1]: State changed from starting to up
2025-05-26T23:23:12.000000+00:00 app[api]: Build succeeded
2025-05-26T23:24:14.599490+00:00 heroku[router]: at=info method=GET path="/?boardId=9149820501&itemId=9234686035&itemViewId=130962908&sessionToken=eyJhbGciOiJIUzI1NiJ9.eyJkYXQiOnsiY2xpZW50X2lkIjoiYmE5NDQ3YTdlMWVkZWJmNDJjZDJkOWI1NGNjNmRhNzgiLCJ1c2VyX2lkIjo3MzA1NDUzOCwiYWNjb3VudF9pZCI6MjgzODAxNDEsInNsdWciOiJhcnRtb25nZXIiLCJhcHBfaWQiOjEwNDA2NDMwLCJhcHBfdmVyc2lvbl9pZCI6MTA3OTY3ODcsImluc3RhbGxfaWQiOi0yLCJpc19hZG1pbiI6dHJ1ZSwiaXNfdmlld19vbmx5IjpmYWxzZSwiaXNfZ3Vlc3QiOmZhbHNlLCJ1c2VyX2tpbmQiOiJhZG1pbiJ9LCJleHAiOjE3NDgzODgyNTJ9.mvPFdFtn13CNXY-2oo-I1sl3OOLcHawAu2jk5N3U8j8" host=image-resizer-app-2024-a35abaeeab93.herokuapp.com request_id=18f6a075-aa47-47c8-a363-a58cae914ccf fwd="164.86.16.181" dyno=web.1 connect=0ms service=8ms status=200 bytes=986 protocol=https
2025-05-26T23:24:15.282730+00:00 heroku[router]: at=info method=GET path="/static/js/main.f3a7c7e3.js" host=image-resizer-app-2024-a35abaeeab93.herokuapp.com request_id=3eb37650-fa8b-4872-8d08-9176c95f858a fwd="164.86.16.181" dyno=web.1 connect=0ms service=3ms status=200 bytes=172414 protocol=https
2025-05-26T23:24:15.987171+00:00 heroku[router]: at=info method=GET path="/static/css/main.1990403b.css" host=image-resizer-app-2024-a35abaeeab93.herokuapp.com request_id=20ac6cfc-f42c-4088-a4e6-ff8eaa8f82e0 fwd="164.86.16.181" dyno=web.1 connect=0ms service=2ms status=200 bytes=7977 protocol=https
2025-05-26T23:24:16.679369+00:00 heroku[router]: at=info method=GET path="/static/css/main.1990403b.css.map" host=image-resizer-app-2024-a35abaeeab93.herokuapp.com request_id=7265cc3a-c59a-4d6c-9b3c-8f628776c5c2 fwd="164.86.16.181" dyno=web.1 connect=0ms service=2ms status=200 bytes=13501 protocol=https
2025-05-26T23:24:16.691195+00:00 heroku[router]: at=info method=GET path="/static/js/main.f3a7c7e3.js.map" host=image-resizer-app-2024-a35abaeeab93.herokuapp.com request_id=aba2c6e4-1915-4f18-bf74-8e1a9b188aaa fwd="164.86.16.181" dyno=web.1 connect=4ms service=4ms status=200 bytes=445515 protocol=https
2025-05-26T23:24:32.288536+00:00 app[web.1]: Received resize request
2025-05-26T23:24:32.290553+00:00 app[web.1]: Processing image with settings: {
2025-05-26T23:24:32.290554+00:00 app[web.1]: width: 800,
2025-05-26T23:24:32.290554+00:00 app[web.1]: height: 800,
2025-05-26T23:24:32.290555+00:00 app[web.1]: resizeMode: 'square',
2025-05-26T23:24:32.290555+00:00 app[web.1]: squareMode: 'crop',
2025-05-26T23:24:32.290555+00:00 app[web.1]: padColor: 'white',
2025-05-26T23:24:32.290555+00:00 app[web.1]: cropPosition: 'top'
2025-05-26T23:24:32.290555+00:00 app[web.1]: }
2025-05-26T23:24:32.290606+00:00 app[web.1]: Downloading image from: https://files-monday-com.s3.amazonaws.com/28380141/resources/2164549773/Screenshot%202025-05-26%20at%207.17.38%20PM.png?response-content-disposition=attachment&X-Amz-Algorithm=AWS4-HMAC-SHA256&X-Amz-Credential=AKIA4MPVJMFXJ4YPAV7U%2F20250526%2Fus-east-1%2Fs3%2Faws4_request&X-Amz-Date=20250526T232430Z&X-Amz-Expires=3600&X-Amz-SignedHeaders=host&X-Amz-Signature=3c49fa9018e26eb46a3ffbbffe5f42b4e3b3661ca9cb037131473c257cdf8dce
2025-05-26T23:24:32.290714+00:00 app[web.1]: Starting file download process...
2025-05-26T23:24:32.291867+00:00 app[web.1]: Error processing image: Error: Access to the specified domain is not allowed.
2025-05-26T23:24:32.291868+00:00 app[web.1]: at downloadFileFromMonday (/app/server.js:75:11)
2025-05-26T23:24:32.291869+00:00 app[web.1]: at /app/server.js:138:26
2025-05-26T23:24:32.291869+00:00 app[web.1]: at Layer.handle [as handle_request] (/app/node_modules/express/lib/router/layer.js:95:5)
2025-05-26T23:24:32.291869+00:00 app[web.1]: at next (/app/node_modules/express/lib/router/route.js:149:13)
2025-05-26T23:24:32.291870+00:00 app[web.1]: at Route.dispatch (/app/node_modules/express/lib/router/route.js:119:3)
2025-05-26T23:24:32.291870+00:00 app[web.1]: at Layer.handle [as handle_request] (/app/node_modules/express/lib/router/layer.js:95:5)
2025-05-26T23:24:32.291870+00:00 app[web.1]: at /app/node_modules/express/lib/router/index.js:284:15
2025-05-26T23:24:32.291870+00:00 app[web.1]: at Function.process_params (/app/node_modules/express/lib/router/index.js:346:12)
2025-05-26T23:24:32.291870+00:00 app[web.1]: at next (/app/node_modules/express/lib/router/index.js:280:10)
2025-05-26T23:24:32.291871+00:00 app[web.1]: at serveStatic (/app/node_modules/serve-static/index.js:75:16)
2025-05-26T23:24:32.296385+00:00 heroku[router]: at=info method=POST path="/resize-image" host=image-resizer-app-2024-a35abaeeab93.herokuapp.com request_id=794e8b00-95a7-41f0-ba74-28878afc1600 fwd="164.86.16.181" dyno=web.1 connect=0ms service=18ms status=500 bytes=374 protocol=https
2025-05-26T23:25:17.000000+00:00 app[api]: Build started by user cam@artmonger.nyc
2025-05-26T23:25:57.221726+00:00 app[api]: Deploy 88df4908 by user cam@artmonger.nyc
2025-05-26T23:25:57.221726+00:00 app[api]: Release v65 created by user cam@artmonger.nyc
2025-05-26T23:25:57.433243+00:00 heroku[web.1]: Restarting
2025-05-26T23:25:57.481781+00:00 heroku[web.1]: State changed from up to starting
2025-05-26T23:25:58.095609+00:00 heroku[web.1]: Stopping all processes with SIGTERM
2025-05-26T23:25:58.160664+00:00 heroku[web.1]: Process exited with status 143
2025-05-26T23:26:03.937840+00:00 heroku[web.1]: Starting process with command `npm start`
2025-05-26T23:26:04.987800+00:00 app[web.1]: 
2025-05-26T23:26:04.987832+00:00 app[web.1]: > monday-image-transfer-app@0.1.0 start
2025-05-26T23:26:04.987832+00:00 app[web.1]: > node server.js
2025-05-26T23:26:04.987833+00:00 app[web.1]: 
2025-05-26T23:26:05.283364+00:00 app[web.1]: Server is running on port 56831
2025-05-26T23:26:05.673856+00:00 heroku[web.1]: State changed from starting to up
2025-05-26T23:26:47.000000+00:00 app[api]: Build succeeded
2025-05-26T23:27:20.291276+00:00 heroku[router]: at=info method=GET path="/?boardId=9149820501&itemId=9234686035&itemViewId=130962908&sessionToken=eyJhbGciOiJIUzI1NiJ9.eyJkYXQiOnsiY2xpZW50X2lkIjoiYmE5NDQ3YTdlMWVkZWJmNDJjZDJkOWI1NGNjNmRhNzgiLCJ1c2VyX2lkIjo3MzA1NDUzOCwiYWNjb3VudF9pZCI6MjgzODAxNDEsInNsdWciOiJhcnRtb25nZXIiLCJhcHBfaWQiOjEwNDA2NDMwLCJhcHBfdmVyc2lvbl9pZCI6MTA3OTY3ODcsImluc3RhbGxfaWQiOi0yLCJpc19hZG1pbiI6dHJ1ZSwiaXNfdmlld19vbmx5IjpmYWxzZSwiaXNfZ3Vlc3QiOmZhbHNlLCJ1c2VyX2tpbmQiOiJhZG1pbiJ9LCJleHAiOjE3NDgzODg0Mzh9.fc273pcbVgesQ2bNuheFhth9O3XcqrVx0iOyB7AGi6Y" host=image-resizer-app-2024-a35abaeeab93.herokuapp.com request_id=ab0d60d7-e726-47a6-a29a-ca1974c2671d fwd="164.86.16.181" dyno=web.1 connect=0ms service=7ms status=200 bytes=986 protocol=https
2025-05-26T23:27:21.015047+00:00 heroku[router]: at=info method=GET path="/static/js/main.f3a7c7e3.js" host=image-resizer-app-2024-a35abaeeab93.herokuapp.com request_id=6b61794f-b938-4a14-a4f8-88acc20beb9c fwd="164.86.16.181" dyno=web.1 connect=0ms service=2ms status=200 bytes=172414 protocol=https
2025-05-26T23:27:21.727229+00:00 heroku[router]: at=info method=GET path="/static/css/main.1990403b.css" host=image-resizer-app-2024-a35abaeeab93.herokuapp.com request_id=06c439b1-8a00-490f-8c4c-dd8bbb4b456d fwd="164.86.16.181" dyno=web.1 connect=0ms service=2ms status=200 bytes=7977 protocol=https
2025-05-26T23:27:22.415167+00:00 heroku[router]: at=info method=GET path="/static/css/main.1990403b.css.map" host=image-resizer-app-2024-a35abaeeab93.herokuapp.com request_id=46e70097-58f1-48fc-ab07-2b59b532d3c8 fwd="164.86.16.181" dyno=web.1 connect=0ms service=2ms status=200 bytes=13501 protocol=https
2025-05-26T23:27:22.416827+00:00 heroku[router]: at=info method=GET path="/static/js/main.f3a7c7e3.js.map" host=image-resizer-app-2024-a35abaeeab93.herokuapp.com request_id=33d4eb47-1488-4697-a2dd-f5c5cd7c9189 fwd="164.86.16.181" dyno=web.1 connect=0ms service=3ms status=200 bytes=445515 protocol=https
2025-05-26T23:27:35.548200+00:00 app[web.1]: Received resize request
2025-05-26T23:27:35.549614+00:00 app[web.1]: Processing image with settings: {
2025-05-26T23:27:35.549614+00:00 app[web.1]: width: 800,
2025-05-26T23:27:35.549614+00:00 app[web.1]: height: 800,
2025-05-26T23:27:35.549615+00:00 app[web.1]: resizeMode: 'square',
2025-05-26T23:27:35.549615+00:00 app[web.1]: squareMode: 'crop',
2025-05-26T23:27:35.549615+00:00 app[web.1]: padColor: 'white',
2025-05-26T23:27:35.549615+00:00 app[web.1]: cropPosition: 'top'
2025-05-26T23:27:35.549615+00:00 app[web.1]: }
2025-05-26T23:27:35.549660+00:00 app[web.1]: Downloading image from: https://files-monday-com.s3.amazonaws.com/28380141/resources/2164549773/Screenshot%202025-05-26%20at%207.17.38%20PM.png?response-content-disposition=attachment&X-Amz-Algorithm=AWS4-HMAC-SHA256&X-Amz-Credential=AKIA4MPVJMFXJ4YPAV7U%2F20250526%2Fus-east-1%2Fs3%2Faws4_request&X-Amz-Date=20250526T232734Z&X-Amz-Expires=3600&X-Amz-SignedHeaders=host&X-Amz-Signature=05f920905c8310471f87fe1ef7d5892698ad1bb8ba4bd366c86206c628f93b99
2025-05-26T23:27:35.549746+00:00 app[web.1]: Starting file download process...
2025-05-26T23:27:35.590376+00:00 app[web.1]: Direct download failed, trying without auth headers...
2025-05-26T23:27:35.731208+00:00 app[web.1]: Original buffer size: 1169642
2025-05-26T23:27:35.734103+00:00 app[web.1]: Input image metadata: {
2025-05-26T23:27:35.734104+00:00 app[web.1]: format: 'png',
2025-05-26T23:27:35.734104+00:00 app[web.1]: size: 1169642,
2025-05-26T23:27:35.734104+00:00 app[web.1]: width: 758,
2025-05-26T23:27:35.734105+00:00 app[web.1]: height: 1142,
2025-05-26T23:27:35.734105+00:00 app[web.1]: space: 'srgb',
2025-05-26T23:27:35.734105+00:00 app[web.1]: channels: 4,
2025-05-26T23:27:35.734105+00:00 app[web.1]: depth: 'uchar',
2025-05-26T23:27:35.734105+00:00 app[web.1]: density: 144,
2025-05-26T23:27:35.734106+00:00 app[web.1]: isProgressive: false,
2025-05-26T23:27:35.734106+00:00 app[web.1]: isPalette: false,
2025-05-26T23:27:35.734106+00:00 app[web.1]: bitsPerSample: 8,
2025-05-26T23:27:35.734106+00:00 app[web.1]: resolutionUnit: 'inch',
2025-05-26T23:27:35.734107+00:00 app[web.1]: hasProfile: true,
2025-05-26T23:27:35.734107+00:00 app[web.1]: hasAlpha: true,
2025-05-26T23:27:35.734107+00:00 app[web.1]: autoOrient: { width: 758, height: 1142 },
2025-05-26T23:27:35.734108+00:00 app[web.1]: exif: <Buffer 4d 4d 00 2a 00 00 00 08 00 04 01 1a 00 05 00 00 00 01 00 00 00 3e 01 1b 00 05 00 00 00 01 00 00 00 46 01 28 00 03 00 00 00 01 00 02 00 00 87 69 00 04 ... 88 more bytes>,
2025-05-26T23:27:35.734108+00:00 app[web.1]: icc: <Buffer 00 00 0f c0 61 70 70 6c 02 10 00 00 6d 6e 74 72 52 47 42 20 58 59 5a 20 07 e9 00 01 00 0f 00 11 00 11 00 23 61 63 73 70 41 50 50 4c 00 00 00 00 41 50 ... 3982 more bytes>,
2025-05-26T23:27:35.734108+00:00 app[web.1]: xmp: <Buffer 3c 78 3a 78 6d 70 6d 65 74 61 20 78 6d 6c 6e 73 3a 78 3d 22 61 64 6f 62 65 3a 6e 73 3a 6d 65 74 61 2f 22 20 78 3a 78 6d 70 74 6b 3d 22 58 4d 50 20 43 ... 399 more bytes>
2025-05-26T23:27:35.734108+00:00 app[web.1]: }
2025-05-26T23:27:35.920338+00:00 app[web.1]: Final image metadata: {
2025-05-26T23:27:35.920365+00:00 app[web.1]: format: 'jpeg',
2025-05-26T23:27:35.920366+00:00 app[web.1]: width: 800,
2025-05-26T23:27:35.920366+00:00 app[web.1]: height: 800,
2025-05-26T23:27:35.920366+00:00 app[web.1]: space: 'srgb',
2025-05-26T23:27:35.920367+00:00 app[web.1]: channels: 3,
2025-05-26T23:27:35.920367+00:00 app[web.1]: depth: 'uchar',
2025-05-26T23:27:35.920367+00:00 app[web.1]: density: 144,
2025-05-26T23:27:35.920367+00:00 app[web.1]: size: 127961
2025-05-26T23:27:35.920367+00:00 app[web.1]: }
2025-05-26T23:27:35.922802+00:00 heroku[router]: at=info method=POST path="/resize-image" host=image-resizer-app-2024-a35abaeeab93.herokuapp.com request_id=18f77f16-326d-4e9a-9d7e-7813f8402408 fwd="164.86.16.181" dyno=web.1 connect=0ms service=382ms status=200 bytes=128333 protocol=https
2025-05-26T23:27:49.653889+00:00 heroku[router]: at=info method=GET path="/?boardId=9149820501&itemId=9234686324&itemViewId=130962908&sessionToken=eyJhbGciOiJIUzI1NiJ9.eyJkYXQiOnsiY2xpZW50X2lkIjoiYmE5NDQ3YTdlMWVkZWJmNDJjZDJkOWI1NGNjNmRhNzgiLCJ1c2VyX2lkIjo3MzA1NDUzOCwiYWNjb3VudF9pZCI6MjgzODAxNDEsInNsdWciOiJhcnRtb25nZXIiLCJhcHBfaWQiOjEwNDA2NDMwLCJhcHBfdmVyc2lvbl9pZCI6MTA3OTY3ODcsImluc3RhbGxfaWQiOi0yLCJpc19hZG1pbiI6dHJ1ZSwiaXNfdmlld19vbmx5IjpmYWxzZSwiaXNfZ3Vlc3QiOmZhbHNlLCJ1c2VyX2tpbmQiOiJhZG1pbiJ9LCJleHAiOjE3NDgzODg0Mzh9.fc273pcbVgesQ2bNuheFhth9O3XcqrVx0iOyB7AGi6Y" host=image-resizer-app-2024-a35abaeeab93.herokuapp.com request_id=d6d87fee-3e1b-49fc-b703-31329f1eeca5 fwd="164.86.16.181" dyno=web.1 connect=0ms service=2ms status=200 bytes=986 protocol=https
2025-05-26T23:27:50.361727+00:00 heroku[router]: at=info method=GET path="/static/js/main.f3a7c7e3.js" host=image-resizer-app-2024-a35abaeeab93.herokuapp.com request_id=7d3abb54-6a76-4f53-91d7-92b426852b66 fwd="164.86.16.181" dyno=web.1 connect=0ms service=1ms status=304 bytes=293 protocol=https
2025-05-26T23:27:51.039766+00:00 heroku[router]: at=info method=GET path="/static/css/main.1990403b.css" host=image-resizer-app-2024-a35abaeeab93.herokuapp.com request_id=2e8fce45-2318-4db3-9e81-43f047dda8b6 fwd="164.86.16.181" dyno=web.1 connect=0ms service=1ms status=304 bytes=292 protocol=https
2025-05-26T23:27:52.080294+00:00 heroku[router]: at=info method=GET path="/static/css/main.1990403b.css.map" host=image-resizer-app-2024-a35abaeeab93.herokuapp.com request_id=fb1120c3-8d58-4af2-8786-c94984cf869a fwd="164.86.16.181" dyno=web.1 connect=0ms service=1ms status=304 bytes=292 protocol=https
2025-05-26T23:27:52.095247+00:00 heroku[router]: at=info method=GET path="/static/js/main.f3a7c7e3.js.map" host=image-resizer-app-2024-a35abaeeab93.herokuapp.com request_id=5e42fc01-2f74-405f-88c6-bd1faacf10fe fwd="164.86.16.181" dyno=web.1 connect=0ms service=1ms status=304 bytes=293 protocol=https
2025-05-26T23:28:10.933328+00:00 app[web.1]: Received resize request
2025-05-26T23:28:10.933730+00:00 app[web.1]: Processing image with settings: {
2025-05-26T23:28:10.933731+00:00 app[web.1]: width: 500,
2025-05-26T23:28:10.933732+00:00 app[web.1]: height: 500,
2025-05-26T23:28:10.933732+00:00 app[web.1]: resizeMode: 'square',
2025-05-26T23:28:10.933732+00:00 app[web.1]: squareMode: 'pad',
2025-05-26T23:28:10.933732+00:00 app[web.1]: padColor: 'white',
2025-05-26T23:28:10.933733+00:00 app[web.1]: cropPosition: 'center'
2025-05-26T23:28:10.933734+00:00 app[web.1]: }
2025-05-26T23:28:10.933762+00:00 app[web.1]: Downloading image from: https://files-monday-com.s3.amazonaws.com/28380141/resources/2164548342/llamas-in-peru.jpg?response-content-disposition=attachment&X-Amz-Algorithm=AWS4-HMAC-SHA256&X-Amz-Credential=AKIA4MPVJMFXJ4YPAV7U%2F20250526%2Fus-east-1%2Fs3%2Faws4_request&X-Amz-Date=20250526T232809Z&X-Amz-Expires=3600&X-Amz-SignedHeaders=host&X-Amz-Signature=e0f182f32326a60d909c57999bcea171a79af497ef10646e82d5ad655ec67dfa
2025-05-26T23:28:10.933772+00:00 app[web.1]: Starting file download process...
2025-05-26T23:28:10.944615+00:00 app[web.1]: Direct download failed, trying without auth headers...
2025-05-26T23:28:11.036624+00:00 app[web.1]: Original buffer size: 114482
2025-05-26T23:28:11.037751+00:00 app[web.1]: Input image metadata: {
2025-05-26T23:28:11.037752+00:00 app[web.1]: format: 'jpeg',
2025-05-26T23:28:11.037753+00:00 app[web.1]: size: 114482,
2025-05-26T23:28:11.037753+00:00 app[web.1]: width: 925,
2025-05-26T23:28:11.037753+00:00 app[web.1]: height: 617,
2025-05-26T23:28:11.037753+00:00 app[web.1]: space: 'srgb',
2025-05-26T23:28:11.037754+00:00 app[web.1]: channels: 3,
2025-05-26T23:28:11.037754+00:00 app[web.1]: depth: 'uchar',
2025-05-26T23:28:11.037754+00:00 app[web.1]: density: 300,
2025-05-26T23:28:11.037754+00:00 app[web.1]: chromaSubsampling: '4:4:4',
2025-05-26T23:28:11.037755+00:00 app[web.1]: isProgressive: true,
2025-05-26T23:28:11.037755+00:00 app[web.1]: isPalette: false,
2025-05-26T23:28:11.037755+00:00 app[web.1]: resolutionUnit: 'inch',
2025-05-26T23:28:11.037755+00:00 app[web.1]: hasProfile: true,
2025-05-26T23:28:11.037756+00:00 app[web.1]: hasAlpha: false,
2025-05-26T23:28:11.037756+00:00 app[web.1]: orientation: 1,
2025-05-26T23:28:11.037757+00:00 app[web.1]: autoOrient: { width: 925, height: 617 },
2025-05-26T23:28:11.037759+00:00 app[web.1]: exif: <Buffer 45 78 69 66 00 00 49 49 2a 00 08 00 00 00 06 00 12 01 03 00 01 00 00 00 01 00 00 00 1a 01 05 00 01 00 00 00 56 00 00 00 1b 01 05 00 01 00 00 00 5e 00 ... 136 more bytes>,
2025-05-26T23:28:11.037760+00:00 app[web.1]: icc: <Buffer 00 00 01 a8 6c 63 6d 73 02 10 00 00 6d 6e 74 72 52 47 42 20 58 59 5a 20 07 dc 00 01 00 19 00 03 00 29 00 39 61 63 73 70 41 50 50 4c 00 00 00 00 00 00 ... 374 more bytes>
2025-05-26T23:28:11.037760+00:00 app[web.1]: }
2025-05-26T23:28:11.136712+00:00 app[web.1]: Final image metadata: {
2025-05-26T23:28:11.136713+00:00 app[web.1]: format: 'jpeg',
2025-05-26T23:28:11.136714+00:00 app[web.1]: width: 500,
2025-05-26T23:28:11.136714+00:00 app[web.1]: height: 500,
2025-05-26T23:28:11.136714+00:00 app[web.1]: space: 'srgb',
2025-05-26T23:28:11.136714+00:00 app[web.1]: channels: 3,
2025-05-26T23:28:11.136715+00:00 app[web.1]: depth: 'uchar',
2025-05-26T23:28:11.136715+00:00 app[web.1]: density: 300,
2025-05-26T23:28:11.136715+00:00 app[web.1]: size: 78468
2025-05-26T23:28:11.136716+00:00 app[web.1]: }
2025-05-26T23:28:11.138699+00:00 heroku[router]: at=info method=POST path="/resize-image" host=image-resizer-app-2024-a35abaeeab93.herokuapp.com request_id=df68592d-9a0c-4b86-939a-1d2c51eb0548 fwd="164.86.16.181" dyno=web.1 connect=0ms service=206ms status=200 bytes=78838 protocol=https
2025-05-27T02:14:09.769389+00:00 heroku[router]: at=info method=GET path="/?boardId=9149820501&itemId=9235208359&itemViewId=130962908&sessionToken=eyJhbGciOiJIUzI1NiJ9.eyJkYXQiOnsiY2xpZW50X2lkIjoiYmE5NDQ3YTdlMWVkZWJmNDJjZDJkOWI1NGNjNmRhNzgiLCJ1c2VyX2lkIjo3MzA1NDUzOCwiYWNjb3VudF9pZCI6MjgzODAxNDEsInNsdWciOiJhcnRtb25nZXIiLCJhcHBfaWQiOjEwNDA2NDMwLCJhcHBfdmVyc2lvbl9pZCI6MTA3OTY3ODcsImluc3RhbGxfaWQiOi0yLCJpc19hZG1pbiI6dHJ1ZSwiaXNfdmlld19vbmx5IjpmYWxzZSwiaXNfZ3Vlc3QiOmZhbHNlLCJ1c2VyX2tpbmQiOiJhZG1pbiJ9LCJleHAiOjE3NDgzODg0Mzh9.fc273pcbVgesQ2bNuheFhth9O3XcqrVx0iOyB7AGi6Y" host=image-resizer-app-2024-a35abaeeab93.herokuapp.com request_id=512cf480-1428-493e-92c9-50cec39f76d8 fwd="73.251.188.51" dyno=web.1 connect=0ms service=25ms status=200 bytes=986 protocol=https
2025-05-27T02:14:09.828751+00:00 heroku[router]: at=info method=GET path="/static/js/main.f3a7c7e3.js" host=image-resizer-app-2024-a35abaeeab93.herokuapp.com request_id=7daa2272-8bb7-46e8-9e30-993292d92abe fwd="73.251.188.51" dyno=web.1 connect=0ms service=7ms status=304 bytes=293 protocol=https
2025-05-27T02:14:09.861031+00:00 heroku[router]: at=info method=GET path="/static/css/main.1990403b.css" host=image-resizer-app-2024-a35abaeeab93.herokuapp.com request_id=6be95fed-a908-4761-bd60-cf6954f0a28e fwd="73.251.188.51" dyno=web.1 connect=0ms service=1ms status=304 bytes=292 protocol=https
2025-05-27T02:14:09.902122+00:00 heroku[router]: at=info method=GET path="/static/js/main.f3a7c7e3.js.map" host=image-resizer-app-2024-a35abaeeab93.herokuapp.com request_id=e7500a26-c684-49f7-8dfd-99160dba8f93 fwd="73.251.188.51" dyno=web.1 connect=0ms service=1ms status=304 bytes=293 protocol=https
2025-05-27T02:14:09.913160+00:00 heroku[router]: at=info method=GET path="/static/css/main.1990403b.css.map" host=image-resizer-app-2024-a35abaeeab93.herokuapp.com request_id=3365649a-0f08-4099-8094-12b9afa05ee0 fwd="73.251.188.51" dyno=web.1 connect=0ms service=1ms status=304 bytes=292 protocol=https
2025-05-27T02:14:25.000000+00:00 app[api]: Build started by user cam@artmonger.nyc
2025-05-27T02:14:25.718049+00:00 app[web.1]: Received resize request
2025-05-27T02:14:25.720997+00:00 app[web.1]: Processing image with settings: {
2025-05-27T02:14:25.720998+00:00 app[web.1]: width: 1920,
2025-05-27T02:14:25.720998+00:00 app[web.1]: height: 960,
2025-05-27T02:14:25.720999+00:00 app[web.1]: resizeMode: 'custom',
2025-05-27T02:14:25.720999+00:00 app[web.1]: squareMode: 'crop',
2025-05-27T02:14:25.720999+00:00 app[web.1]: padColor: 'white',
2025-05-27T02:14:25.721000+00:00 app[web.1]: cropPosition: 'center'
2025-05-27T02:14:25.721000+00:00 app[web.1]: }
2025-05-27T02:14:25.721004+00:00 app[web.1]: Downloading image from: https://files-monday-com.s3.amazonaws.com/28380141/resources/2164680571/Screenshot%202025-05-26%20at%207.35.44%20PM.png?response-content-disposition=attachment&X-Amz-Algorithm=AWS4-HMAC-SHA256&X-Amz-Credential=AKIA4MPVJMFXJ4YPAV7U%2F20250527%2Fus-east-1%2Fs3%2Faws4_request&X-Amz-Date=20250527T021425Z&X-Amz-Expires=3600&X-Amz-SignedHeaders=host&X-Amz-Signature=fa96ac1048522b26a2b145627b32458f519da8edc569ec5202b93271ce5c7b6c
2025-05-27T02:14:25.721004+00:00 app[web.1]: Starting file download process...
2025-05-27T02:14:25.766355+00:00 app[web.1]: Direct download failed, trying without auth headers...
2025-05-27T02:14:25.815390+00:00 app[web.1]: Original buffer size: 1053665
2025-05-27T02:14:25.817671+00:00 app[web.1]: Input image metadata: {
2025-05-27T02:14:25.817672+00:00 app[web.1]: format: 'png',
2025-05-27T02:14:25.817673+00:00 app[web.1]: size: 1053665,
2025-05-27T02:14:25.817673+00:00 app[web.1]: width: 2040,
2025-05-27T02:14:25.817673+00:00 app[web.1]: height: 1082,
2025-05-27T02:14:25.817674+00:00 app[web.1]: space: 'srgb',
2025-05-27T02:14:25.817674+00:00 app[web.1]: channels: 4,
2025-05-27T02:14:25.817674+00:00 app[web.1]: depth: 'uchar',
2025-05-27T02:14:25.817674+00:00 app[web.1]: density: 144,
2025-05-27T02:14:25.817674+00:00 app[web.1]: isProgressive: false,
2025-05-27T02:14:25.817675+00:00 app[web.1]: isPalette: false,
2025-05-27T02:14:25.817675+00:00 app[web.1]: bitsPerSample: 8,
2025-05-27T02:14:25.817675+00:00 app[web.1]: resolutionUnit: 'inch',
2025-05-27T02:14:25.817675+00:00 app[web.1]: hasProfile: true,
2025-05-27T02:14:25.817675+00:00 app[web.1]: hasAlpha: true,
2025-05-27T02:14:25.817676+00:00 app[web.1]: autoOrient: { width: 2040, height: 1082 },
2025-05-27T02:14:25.817684+00:00 app[web.1]: exif: <Buffer 4d 4d 00 2a 00 00 00 08 00 04 01 1a 00 05 00 00 00 01 00 00 00 3e 01 1b 00 05 00 00 00 01 00 00 00 46 01 28 00 03 00 00 00 01 00 02 00 00 87 69 00 04 ... 88 more bytes>,
2025-05-27T02:14:25.817684+00:00 app[web.1]: icc: <Buffer 00 00 0f c0 61 70 70 6c 02 10 00 00 6d 6e 74 72 52 47 42 20 58 59 5a 20 07 e9 00 01 00 0f 00 11 00 11 00 23 61 63 73 70 41 50 50 4c 00 00 00 00 41 50 ... 3982 more bytes>,
2025-05-27T02:14:25.817685+00:00 app[web.1]: xmp: <Buffer 3c 78 3a 78 6d 70 6d 65 74 61 20 78 6d 6c 6e 73 3a 78 3d 22 61 64 6f 62 65 3a 6e 73 3a 6d 65 74 61 2f 22 20 78 3a 78 6d 70 74 6b 3d 22 58 4d 50 20 43 ... 400 more bytes>
2025-05-27T02:14:25.817685+00:00 app[web.1]: }
2025-05-27T02:14:26.404909+00:00 app[web.1]: Final image metadata: {
2025-05-27T02:14:26.404922+00:00 app[web.1]: format: 'jpeg',
2025-05-27T02:14:26.404923+00:00 app[web.1]: width: 1920,
2025-05-27T02:14:26.404924+00:00 app[web.1]: height: 960,
2025-05-27T02:14:26.404924+00:00 app[web.1]: space: 'srgb',
2025-05-27T02:14:26.404924+00:00 app[web.1]: channels: 3,
2025-05-27T02:14:26.404925+00:00 app[web.1]: depth: 'uchar',
2025-05-27T02:14:26.404925+00:00 app[web.1]: density: 144,
2025-05-27T02:14:26.404925+00:00 app[web.1]: size: 273645
2025-05-27T02:14:26.404925+00:00 app[web.1]: }
2025-05-27T02:14:26.410341+00:00 heroku[router]: at=info method=POST path="/resize-image" host=image-resizer-app-2024-a35abaeeab93.herokuapp.com request_id=03ed3f32-31fb-4ef6-b472-3ad746212402 fwd="73.251.188.51" dyno=web.1 connect=0ms service=701ms status=200 bytes=274018 protocol=https
2025-05-27T02:14:35.910723+00:00 heroku[router]: at=info method=GET path="/?boardId=9149820501&itemId=9235208406&itemViewId=130962908&sessionToken=eyJhbGciOiJIUzI1NiJ9.eyJkYXQiOnsiY2xpZW50X2lkIjoiYmE5NDQ3YTdlMWVkZWJmNDJjZDJkOWI1NGNjNmRhNzgiLCJ1c2VyX2lkIjo3MzA1NDUzOCwiYWNjb3VudF9pZCI6MjgzODAxNDEsInNsdWciOiJhcnRtb25nZXIiLCJhcHBfaWQiOjEwNDA2NDMwLCJhcHBfdmVyc2lvbl9pZCI6MTA3OTY3ODcsImluc3RhbGxfaWQiOi0yLCJpc19hZG1pbiI6dHJ1ZSwiaXNfdmlld19vbmx5IjpmYWxzZSwiaXNfZ3Vlc3QiOmZhbHNlLCJ1c2VyX2tpbmQiOiJhZG1pbiJ9LCJleHAiOjE3NDgzODg0Mzh9.fc273pcbVgesQ2bNuheFhth9O3XcqrVx0iOyB7AGi6Y" host=image-resizer-app-2024-a35abaeeab93.herokuapp.com request_id=df82b288-a25d-470e-9bc1-d4c6dbdebdf4 fwd="73.251.188.51" dyno=web.1 connect=0ms service=4ms status=200 bytes=986 protocol=https
2025-05-27T02:14:35.967460+00:00 heroku[router]: at=info method=GET path="/static/js/main.f3a7c7e3.js" host=image-resizer-app-2024-a35abaeeab93.herokuapp.com request_id=86f3076b-eaa3-4dc0-bdfa-49879425f5dc fwd="73.251.188.51" dyno=web.1 connect=0ms service=1ms status=304 bytes=293 protocol=https
2025-05-27T02:14:35.997885+00:00 heroku[router]: at=info method=GET path="/static/css/main.1990403b.css" host=image-resizer-app-2024-a35abaeeab93.herokuapp.com request_id=099cc756-3dc4-4d40-9dc6-09d3d792add1 fwd="73.251.188.51" dyno=web.1 connect=0ms service=1ms status=304 bytes=292 protocol=https
2025-05-27T02:14:36.043318+00:00 heroku[router]: at=info method=GET path="/static/js/main.f3a7c7e3.js.map" host=image-resizer-app-2024-a35abaeeab93.herokuapp.com request_id=6b333f32-928e-4791-aee2-c5135e98b527 fwd="73.251.188.51" dyno=web.1 connect=0ms service=1ms status=304 bytes=293 protocol=https
2025-05-27T02:14:36.044077+00:00 heroku[router]: at=info method=GET path="/static/css/main.1990403b.css.map" host=image-resizer-app-2024-a35abaeeab93.herokuapp.com request_id=e7b753dc-2f50-49a8-b263-143f5fea27ba fwd="73.251.188.51" dyno=web.1 connect=0ms service=1ms status=304 bytes=292 protocol=https
2025-05-27T02:14:51.986682+00:00 app[web.1]: Received resize request
2025-05-27T02:14:51.986772+00:00 app[web.1]: Processing image with settings: {
2025-05-27T02:14:51.986774+00:00 app[web.1]: width: 1920,
2025-05-27T02:14:51.986774+00:00 app[web.1]: height: 960,
2025-05-27T02:14:51.986774+00:00 app[web.1]: resizeMode: 'custom',
2025-05-27T02:14:51.986774+00:00 app[web.1]: squareMode: 'crop',
2025-05-27T02:14:51.986775+00:00 app[web.1]: padColor: 'white',
2025-05-27T02:14:51.986776+00:00 app[web.1]: cropPosition: 'center'
2025-05-27T02:14:51.986776+00:00 app[web.1]: }
2025-05-27T02:14:51.986786+00:00 app[web.1]: Downloading image from: https://files-monday-com.s3.amazonaws.com/28380141/resources/2164680611/Screenshot%202025-05-26%20at%207.35.54%20PM.png?response-content-disposition=attachment&X-Amz-Algorithm=AWS4-HMAC-SHA256&X-Amz-Credential=AKIA4MPVJMFXJ4YPAV7U%2F20250527%2Fus-east-1%2Fs3%2Faws4_request&X-Amz-Date=20250527T021451Z&X-Amz-Expires=3600&X-Amz-SignedHeaders=host&X-Amz-Signature=d7b049fe40e4e5f1fa785951bbc4fd5f2e4906c68c27aaff13355e436aebcacd
2025-05-27T02:14:51.986795+00:00 app[web.1]: Starting file download process...
2025-05-27T02:14:51.996549+00:00 app[web.1]: Direct download failed, trying without auth headers...
2025-05-27T02:14:52.094801+00:00 app[web.1]: Original buffer size: 988046
2025-05-27T02:14:52.095769+00:00 app[web.1]: Input image metadata: {
2025-05-27T02:14:52.095770+00:00 app[web.1]: format: 'png',
2025-05-27T02:14:52.095770+00:00 app[web.1]: size: 988046,
2025-05-27T02:14:52.095771+00:00 app[web.1]: width: 2038,
2025-05-27T02:14:52.095771+00:00 app[web.1]: height: 1014,
2025-05-27T02:14:52.095771+00:00 app[web.1]: space: 'srgb',
2025-05-27T02:14:52.095771+00:00 app[web.1]: channels: 4,
2025-05-27T02:14:52.095772+00:00 app[web.1]: depth: 'uchar',
2025-05-27T02:14:52.095772+00:00 app[web.1]: density: 144,
2025-05-27T02:14:52.095772+00:00 app[web.1]: isProgressive: false,
2025-05-27T02:14:52.095772+00:00 app[web.1]: isPalette: false,
2025-05-27T02:14:52.095773+00:00 app[web.1]: bitsPerSample: 8,
2025-05-27T02:14:52.095773+00:00 app[web.1]: resolutionUnit: 'inch',
2025-05-27T02:14:52.095774+00:00 app[web.1]: hasProfile: true,
2025-05-27T02:14:52.095774+00:00 app[web.1]: hasAlpha: true,
2025-05-27T02:14:52.095775+00:00 app[web.1]: autoOrient: { width: 2038, height: 1014 },
2025-05-27T02:14:52.095778+00:00 app[web.1]: exif: <Buffer 4d 4d 00 2a 00 00 00 08 00 04 01 1a 00 05 00 00 00 01 00 00 00 3e 01 1b 00 05 00 00 00 01 00 00 00 46 01 28 00 03 00 00 00 01 00 02 00 00 87 69 00 04 ... 88 more bytes>,
2025-05-27T02:14:52.095779+00:00 app[web.1]: icc: <Buffer 00 00 0f c0 61 70 70 6c 02 10 00 00 6d 6e 74 72 52 47 42 20 58 59 5a 20 07 e9 00 01 00 0f 00 11 00 11 00 23 61 63 73 70 41 50 50 4c 00 00 00 00 41 50 ... 3982 more bytes>,
2025-05-27T02:14:52.095779+00:00 app[web.1]: xmp: <Buffer 3c 78 3a 78 6d 70 6d 65 74 61 20 78 6d 6c 6e 73 3a 78 3d 22 61 64 6f 62 65 3a 6e 73 3a 6d 65 74 61 2f 22 20 78 3a 78 6d 70 74 6b 3d 22 58 4d 50 20 43 ... 400 more bytes>
2025-05-27T02:14:52.095779+00:00 app[web.1]: }
2025-05-27T02:14:52.568923+00:00 app[web.1]: Final image metadata: {
2025-05-27T02:14:52.568970+00:00 app[web.1]: format: 'jpeg',
2025-05-27T02:14:52.568971+00:00 app[web.1]: width: 1920,
2025-05-27T02:14:52.568972+00:00 app[web.1]: height: 960,
2025-05-27T02:14:52.568972+00:00 app[web.1]: space: 'srgb',
2025-05-27T02:14:52.568972+00:00 app[web.1]: channels: 3,
2025-05-27T02:14:52.568972+00:00 app[web.1]: depth: 'uchar',
2025-05-27T02:14:52.568972+00:00 app[web.1]: density: 144,
2025-05-27T02:14:52.568973+00:00 app[web.1]: size: 302065
2025-05-27T02:14:52.568973+00:00 app[web.1]: }
2025-05-27T02:14:52.571480+00:00 heroku[router]: at=info method=POST path="/resize-image" host=image-resizer-app-2024-a35abaeeab93.herokuapp.com request_id=43ac5d63-99d8-4f78-b97b-e6051537a121 fwd="73.251.188.51" dyno=web.1 connect=0ms service=586ms status=200 bytes=302437 protocol=https
2025-05-27T02:15:02.908047+00:00 app[api]: Release v66 created by user cam@artmonger.nyc
2025-05-27T02:15:02.908047+00:00 app[api]: Deploy bd0b098b by user cam@artmonger.nyc
2025-05-27T02:15:03.164452+00:00 heroku[web.1]: Restarting
2025-05-27T02:15:03.215854+00:00 heroku[web.1]: State changed from up to starting
2025-05-27T02:15:03.831997+00:00 heroku[web.1]: Stopping all processes with SIGTERM
2025-05-27T02:15:03.906224+00:00 heroku[web.1]: Process exited with status 143
2025-05-27T02:15:09.043898+00:00 heroku[web.1]: Starting process with command `npm start`
2025-05-27T02:15:09.909605+00:00 app[web.1]: 
2025-05-27T02:15:09.909646+00:00 app[web.1]: > monday-image-transfer-app@0.1.0 start
2025-05-27T02:15:09.909646+00:00 app[web.1]: > node server.js
2025-05-27T02:15:09.909647+00:00 app[web.1]: 
2025-05-27T02:15:10.133168+00:00 app[web.1]: Server is running on port 52667
2025-05-27T02:15:10.224321+00:00 heroku[web.1]: State changed from starting to up
2025-05-27T02:15:32.000000+00:00 app[api]: Build succeeded
2025-05-27T02:20:27.000000+00:00 app[api]: Build started by user cam@artmonger.nyc
2025-05-27T02:21:06.581468+00:00 app[api]: Release v67 created by user cam@artmonger.nyc
2025-05-27T02:21:06.581468+00:00 app[api]: Deploy 6323dd81 by user cam@artmonger.nyc
2025-05-27T02:21:06.826574+00:00 heroku[web.1]: Restarting
2025-05-27T02:21:06.876599+00:00 heroku[web.1]: State changed from up to starting
2025-05-27T02:21:07.462546+00:00 heroku[web.1]: Stopping all processes with SIGTERM
2025-05-27T02:21:07.530802+00:00 heroku[web.1]: Process exited with status 143
2025-05-27T02:21:14.002098+00:00 heroku[web.1]: Starting process with command `npm start`
2025-05-27T02:21:14.885926+00:00 app[web.1]: 
2025-05-27T02:21:14.885961+00:00 app[web.1]: > monday-image-transfer-app@0.1.0 start
2025-05-27T02:21:14.885969+00:00 app[web.1]: > node server.js
2025-05-27T02:21:14.885969+00:00 app[web.1]: 
2025-05-27T02:21:15.088627+00:00 app[web.1]: Server is running on port 33818
2025-05-27T02:21:15.108614+00:00 heroku[web.1]: State changed from starting to up
2025-05-27T02:21:16.387871+00:00 heroku[router]: at=info method=GET path="/?boardId=9149820501&itemId=9235208359&itemViewId=130962908&sessionToken=eyJhbGciOiJIUzI1NiJ9.eyJkYXQiOnsiY2xpZW50X2lkIjoiYmE5NDQ3YTdlMWVkZWJmNDJjZDJkOWI1NGNjNmRhNzgiLCJ1c2VyX2lkIjo3MzA1NDUzOCwiYWNjb3VudF9pZCI6MjgzODAxNDEsInNsdWciOiJhcnRtb25nZXIiLCJhcHBfaWQiOjEwNDA2NDMwLCJhcHBfdmVyc2lvbl9pZCI6MTA3OTY3ODcsImluc3RhbGxfaWQiOi0yLCJpc19hZG1pbiI6dHJ1ZSwiaXNfdmlld19vbmx5IjpmYWxzZSwiaXNfZ3Vlc3QiOmZhbHNlLCJ1c2VyX2tpbmQiOiJhZG1pbiJ9LCJleHAiOjE3NDgzOTg4NzV9.uCuGFX1DoSPDLzIMWxO_ZJhYkW3xRM1sdAxfckmKHAA" host=image-resizer-app-2024-a35abaeeab93.herokuapp.com request_id=e32e5241-f554-4e22-85be-20987ec917a7 fwd="73.251.188.51" dyno=web.1 connect=0ms service=8ms status=200 bytes=986 protocol=https
2025-05-27T02:21:16.432344+00:00 heroku[router]: at=info method=GET path="/static/js/main.632be6e6.js" host=image-resizer-app-2024-a35abaeeab93.herokuapp.com request_id=2e40b70c-d24e-4ee1-909c-77a4bba1fde7 fwd="73.251.188.51" dyno=web.1 connect=0ms service=3ms status=200 bytes=172359 protocol=https
2025-05-27T02:21:16.495126+00:00 heroku[router]: at=info method=GET path="/static/css/main.1990403b.css" host=image-resizer-app-2024-a35abaeeab93.herokuapp.com request_id=77b4fbc7-5a8e-42a4-9ef0-8c5011fcc668 fwd="73.251.188.51" dyno=web.1 connect=0ms service=2ms status=200 bytes=7977 protocol=https
2025-05-27T02:21:16.531182+00:00 heroku[router]: at=info method=GET path="/static/css/main.1990403b.css.map" host=image-resizer-app-2024-a35abaeeab93.herokuapp.com request_id=601c9fc5-956f-46f8-b977-3e8e4e5f29db fwd="73.251.188.51" dyno=web.1 connect=0ms service=1ms status=200 bytes=13501 protocol=https
2025-05-27T02:21:16.552132+00:00 heroku[router]: at=info method=GET path="/static/js/main.632be6e6.js.map" host=image-resizer-app-2024-a35abaeeab93.herokuapp.com request_id=50ec7d7c-07ef-47e9-a36d-2d34ba5abf02 fwd="73.251.188.51" dyno=web.1 connect=0ms service=3ms status=200 bytes=445427 protocol=https
2025-05-27T02:21:36.000000+00:00 app[api]: Build succeeded
2025-05-27T02:22:37.498121+00:00 heroku[router]: at=info method=GET path="/?boardId=9149820501&itemId=9234686035&itemViewId=130962908&sessionToken=eyJhbGciOiJIUzI1NiJ9.eyJkYXQiOnsiY2xpZW50X2lkIjoiYmE5NDQ3YTdlMWVkZWJmNDJjZDJkOWI1NGNjNmRhNzgiLCJ1c2VyX2lkIjo3MzA1NDUzOCwiYWNjb3VudF9pZCI6MjgzODAxNDEsInNsdWciOiJhcnRtb25nZXIiLCJhcHBfaWQiOjEwNDA2NDMwLCJhcHBfdmVyc2lvbl9pZCI6MTA3OTY3ODcsImluc3RhbGxfaWQiOi0yLCJpc19hZG1pbiI6dHJ1ZSwiaXNfdmlld19vbmx5IjpmYWxzZSwiaXNfZ3Vlc3QiOmZhbHNlLCJ1c2VyX2tpbmQiOiJhZG1pbiJ9LCJleHAiOjE3NDgzOTg4NzV9.uCuGFX1DoSPDLzIMWxO_ZJhYkW3xRM1sdAxfckmKHAA" host=image-resizer-app-2024-a35abaeeab93.herokuapp.com request_id=edf87a52-1df7-4d6f-85a8-215536346b0a fwd="73.251.188.51" dyno=web.1 connect=0ms service=2ms status=200 bytes=986 protocol=https
2025-05-27T02:22:38.163290+00:00 heroku[router]: at=info method=GET path="/static/css/main.1990403b.css" host=image-resizer-app-2024-a35abaeeab93.herokuapp.com request_id=85fd500b-ca90-41e2-bb65-db7408e4293d fwd="73.251.188.51" dyno=web.1 connect=0ms service=1ms status=304 bytes=292 protocol=https
2025-05-27T02:22:38.195823+00:00 heroku[router]: at=info method=GET path="/static/js/main.632be6e6.js" host=image-resizer-app-2024-a35abaeeab93.herokuapp.com request_id=f1c9909f-28de-4af5-bd8f-d0ee74db7005 fwd="73.251.188.51" dyno=web.1 connect=0ms service=1ms status=304 bytes=293 protocol=https
2025-05-27T02:22:44.542680+00:00 heroku[router]: at=info method=GET path="/?boardId=9149820501&itemId=9234686035&itemViewId=130962908&sessionToken=eyJhbGciOiJIUzI1NiJ9.eyJkYXQiOnsiY2xpZW50X2lkIjoiYmE5NDQ3YTdlMWVkZWJmNDJjZDJkOWI1NGNjNmRhNzgiLCJ1c2VyX2lkIjo3MzA1NDUzOCwiYWNjb3VudF9pZCI6MjgzODAxNDEsInNsdWciOiJhcnRtb25nZXIiLCJhcHBfaWQiOjEwNDA2NDMwLCJhcHBfdmVyc2lvbl9pZCI6MTA3OTY3ODcsImluc3RhbGxfaWQiOi0yLCJpc19hZG1pbiI6dHJ1ZSwiaXNfdmlld19vbmx5IjpmYWxzZSwiaXNfZ3Vlc3QiOmZhbHNlLCJ1c2VyX2tpbmQiOiJhZG1pbiJ9LCJleHAiOjE3NDgzOTg4NzV9.uCuGFX1DoSPDLzIMWxO_ZJhYkW3xRM1sdAxfckmKHAA" host=image-resizer-app-2024-a35abaeeab93.herokuapp.com request_id=20c6fa24-f5a6-4167-acec-4835416556e2 fwd="73.251.188.51" dyno=web.1 connect=0ms service=1ms status=304 bytes=291 protocol=https
2025-05-27T02:22:44.581357+00:00 heroku[router]: at=info method=GET path="/static/js/main.632be6e6.js" host=image-resizer-app-2024-a35abaeeab93.herokuapp.com request_id=be01624c-7b55-4b6c-9832-e7e72d2eb1f4 fwd="73.251.188.51" dyno=web.1 connect=0ms service=1ms status=304 bytes=293 protocol=https
2025-05-27T02:22:44.610516+00:00 heroku[router]: at=info method=GET path="/static/css/main.1990403b.css" host=image-resizer-app-2024-a35abaeeab93.herokuapp.com request_id=a1aa53e8-f288-442c-8bef-b0756771b369 fwd="73.251.188.51" dyno=web.1 connect=0ms service=1ms status=304 bytes=292 protocol=https
2025-05-27T02:26:05.336578+00:00 heroku[router]: at=info method=GET path="/?boardId=9149820501&itemId=9234686035&itemViewId=130962908&sessionToken=eyJhbGciOiJIUzI1NiJ9.eyJkYXQiOnsiY2xpZW50X2lkIjoiYmE5NDQ3YTdlMWVkZWJmNDJjZDJkOWI1NGNjNmRhNzgiLCJ1c2VyX2lkIjo3NjUxNzkxMywiYWNjb3VudF9pZCI6MjgzODAxNDEsInNsdWciOiJhcnRtb25nZXIiLCJhcHBfaWQiOjEwNDA2NDMwLCJhcHBfdmVyc2lvbl9pZCI6MTA3OTY3ODcsImluc3RhbGxfaWQiOjExNTQ4NDI4LCJpc19hZG1pbiI6ZmFsc2UsImlzX3ZpZXdfb25seSI6ZmFsc2UsImlzX2d1ZXN0IjpmYWxzZSwidXNlcl9raW5kIjpudWxsfSwiZXhwIjoxNzQ4Mzk5MTY1fQ.ZwGmJkCMTspEJ69BLNmx5nFr_-rqfPTLG9IFzEhdeLI" host=image-resizer-app-2024-a35abaeeab93.herokuapp.com request_id=f8b5fc69-c67e-4cc4-bc87-b6050042f31f fwd="73.251.188.51" dyno=web.1 connect=0ms service=2ms status=200 bytes=986 protocol=https
2025-05-27T02:26:05.377943+00:00 heroku[router]: at=info method=GET path="/static/js/main.632be6e6.js" host=image-resizer-app-2024-a35abaeeab93.herokuapp.com request_id=bd7af74e-658a-410e-8335-d07fe645ef5f fwd="73.251.188.51" dyno=web.1 connect=0ms service=3ms status=200 bytes=172359 protocol=https
2025-05-27T02:26:05.431949+00:00 heroku[router]: at=info method=GET path="/static/css/main.1990403b.css" host=image-resizer-app-2024-a35abaeeab93.herokuapp.com request_id=49022b0c-8671-47d7-a4a5-fb01d2d77441 fwd="73.251.188.51" dyno=web.1 connect=0ms service=2ms status=200 bytes=7977 protocol=https
2025-05-27T02:26:05.619919+00:00 heroku[router]: at=info method=GET path="/favicon.ico" host=image-resizer-app-2024-a35abaeeab93.herokuapp.com request_id=a2ab94c7-b331-4bf0-b384-679994f69926 fwd="73.251.188.51" dyno=web.1 connect=0ms service=1ms status=200 bytes=4201 protocol=https
2025-05-27T02:28:19.541371+00:00 heroku[router]: at=info method=GET path="/?boardId=9149820501&itemId=9234686324&itemViewId=130962908&sessionToken=eyJhbGciOiJIUzI1NiJ9.eyJkYXQiOnsiY2xpZW50X2lkIjoiYmE5NDQ3YTdlMWVkZWJmNDJjZDJkOWI1NGNjNmRhNzgiLCJ1c2VyX2lkIjo3NjUxNzkxMywiYWNjb3VudF9pZCI6MjgzODAxNDEsInNsdWciOiJhcnRtb25nZXIiLCJhcHBfaWQiOjEwNDA2NDMwLCJhcHBfdmVyc2lvbl9pZCI6MTA3OTY3ODcsImluc3RhbGxfaWQiOjExNTQ4NDI4LCJpc19hZG1pbiI6ZmFsc2UsImlzX3ZpZXdfb25seSI6dHJ1ZSwiaXNfZ3Vlc3QiOmZhbHNlLCJ1c2VyX2tpbmQiOiJ2aWV3X29ubHkifSwiZXhwIjoxNzQ4Mzk5Mjk5fQ.BXkC6JbVnd_ygwPD18qF7bOaxFfz6mdxEroVbDZjgWU" host=image-resizer-app-2024-a35abaeeab93.herokuapp.com request_id=fee14365-bbc2-4c90-98a9-04e17c6f45d4 fwd="73.251.188.51" dyno=web.1 connect=0ms service=2ms status=200 bytes=986 protocol=https
2025-05-27T02:28:19.585050+00:00 heroku[router]: at=info method=GET path="/static/js/main.632be6e6.js" host=image-resizer-app-2024-a35abaeeab93.herokuapp.com request_id=d0e3d3ce-13ba-4d40-ae1c-2f07df264223 fwd="73.251.188.51" dyno=web.1 connect=0ms service=1ms status=304 bytes=293 protocol=https
2025-05-27T02:28:19.612489+00:00 heroku[router]: at=info method=GET path="/static/css/main.1990403b.css" host=image-resizer-app-2024-a35abaeeab93.herokuapp.com request_id=4e502742-0ece-4030-a6ff-225d3965692f fwd="73.251.188.51" dyno=web.1 connect=0ms service=1ms status=304 bytes=292 protocol=https
2025-05-27T02:28:19.829521+00:00 heroku[router]: at=info method=GET path="/favicon.ico" host=image-resizer-app-2024-a35abaeeab93.herokuapp.com request_id=99a19db1-19a5-49c5-a58a-98810f4de2c5 fwd="73.251.188.51" dyno=web.1 connect=0ms service=1ms status=304 bytes=291 protocol=https
2025-05-27T02:28:37.427617+00:00 heroku[router]: at=info method=GET path="/static/css/main.1990403b.css" host=image-resizer-app-2024-a35abaeeab93.herokuapp.com request_id=73b64b10-9dfe-4e03-a7e3-38b60314249f fwd="73.251.188.51" dyno=web.1 connect=0ms service=1ms status=304 bytes=292 protocol=https
2025-05-27T02:28:37.437912+00:00 heroku[router]: at=info method=GET path="/manifest.json" host=image-resizer-app-2024-a35abaeeab93.herokuapp.com request_id=7a49f59f-970f-4d89-8957-da9c17e2e368 fwd="73.251.188.51" dyno=web.1 connect=0ms service=1ms status=200 bytes=841 protocol=https
2025-05-27T02:28:37.456648+00:00 heroku[router]: at=info method=GET path="/static/js/main.632be6e6.js.map" host=image-resizer-app-2024-a35abaeeab93.herokuapp.com request_id=bb119d37-5529-4ab6-915a-417ef8ba7fa7 fwd="73.251.188.51" dyno=web.1 connect=0ms service=3ms status=200 bytes=445427 protocol=https
2025-05-27T02:28:37.534156+00:00 heroku[router]: at=info method=GET path="/static/css/main.1990403b.css.map" host=image-resizer-app-2024-a35abaeeab93.herokuapp.com request_id=bbb1a6f3-dabf-484a-b9a6-e5a8bea05446 fwd="73.251.188.51" dyno=web.1 connect=0ms service=1ms status=200 bytes=13501 protocol=https
2025-05-27T02:30:15.000000+00:00 app[api]: Build started by user cam@artmonger.nyc
2025-05-27T02:30:53.850443+00:00 app[api]: Release v68 created by user cam@artmonger.nyc
2025-05-27T02:30:53.850443+00:00 app[api]: Deploy fd490e92 by user cam@artmonger.nyc
2025-05-27T02:30:54.070074+00:00 heroku[web.1]: Restarting
2025-05-27T02:30:54.120395+00:00 heroku[web.1]: State changed from up to starting
2025-05-27T02:30:54.812561+00:00 heroku[web.1]: Stopping all processes with SIGTERM
2025-05-27T02:30:54.877985+00:00 heroku[web.1]: Process exited with status 143
2025-05-27T02:30:59.890199+00:00 heroku[web.1]: Starting process with command `npm start`
2025-05-27T02:31:00.741106+00:00 app[web.1]: 
2025-05-27T02:31:00.741125+00:00 app[web.1]: > monday-image-transfer-app@0.1.0 start
2025-05-27T02:31:00.741125+00:00 app[web.1]: > node server.js
2025-05-27T02:31:00.741143+00:00 app[web.1]: 
2025-05-27T02:31:00.925016+00:00 app[web.1]: Server is running on port 36025
2025-05-27T02:31:00.999247+00:00 heroku[web.1]: State changed from starting to up
2025-05-27T02:31:22.000000+00:00 app[api]: Build succeeded
2025-05-27T02:33:20.721874+00:00 heroku[router]: at=info method=GET path="/?boardId=9149820501&itemId=9235208359&itemViewId=130962908&sessionToken=eyJhbGciOiJIUzI1NiJ9.eyJkYXQiOnsiY2xpZW50X2lkIjoiYmE5NDQ3YTdlMWVkZWJmNDJjZDJkOWI1NGNjNmRhNzgiLCJ1c2VyX2lkIjo3NjUxNzkxMywiYWNjb3VudF9pZCI6MjgzODAxNDEsInNsdWciOiJhcnRtb25nZXIiLCJhcHBfaWQiOjEwNDA2NDMwLCJhcHBfdmVyc2lvbl9pZCI6MTA3OTY3ODcsImluc3RhbGxfaWQiOjExNTQ4NDI4LCJpc19hZG1pbiI6ZmFsc2UsImlzX3ZpZXdfb25seSI6dHJ1ZSwiaXNfZ3Vlc3QiOmZhbHNlLCJ1c2VyX2tpbmQiOiJ2aWV3X29ubHkifSwiZXhwIjoxNzQ4Mzk5Mjk5fQ.BXkC6JbVnd_ygwPD18qF7bOaxFfz6mdxEroVbDZjgWU" host=image-resizer-app-2024-a35abaeeab93.herokuapp.com request_id=fa8f1af6-d07c-4b4b-bea8-abcef5052c5d fwd="73.251.188.51" dyno=web.1 connect=0ms service=8ms status=200 bytes=986 protocol=https
2025-05-27T02:33:20.770942+00:00 heroku[router]: at=info method=GET path="/static/js/main.065438d4.js" host=image-resizer-app-2024-a35abaeeab93.herokuapp.com request_id=46733e3d-cf98-4ef8-a0f9-7ef7b663cd7a fwd="73.251.188.51" dyno=web.1 connect=0ms service=4ms status=200 bytes=172425 protocol=https
2025-05-27T02:33:20.821968+00:00 heroku[router]: at=info method=GET path="/static/css/main.1990403b.css" host=image-resizer-app-2024-a35abaeeab93.herokuapp.com request_id=4d53c26b-8182-4e98-b6fa-178e741083eb fwd="73.251.188.51" dyno=web.1 connect=0ms service=2ms status=200 bytes=7977 protocol=https
2025-05-27T02:33:21.059227+00:00 heroku[router]: at=info method=GET path="/static/css/main.1990403b.css.map" host=image-resizer-app-2024-a35abaeeab93.herokuapp.com request_id=322b71b1-1d5a-4617-b96c-ac91ade73cdc fwd="73.251.188.51" dyno=web.1 connect=0ms service=2ms status=200 bytes=13501 protocol=https
2025-05-27T02:33:21.076055+00:00 heroku[router]: at=info method=GET path="/static/js/main.065438d4.js.map" host=image-resizer-app-2024-a35abaeeab93.herokuapp.com request_id=4e48ff00-2fb0-44fd-9bcf-75f8fd63ff78 fwd="73.251.188.51" dyno=web.1 connect=0ms service=3ms status=200 bytes=445494 protocol=https
2025-05-27T02:33:21.091948+00:00 heroku[router]: at=info method=GET path="/favicon.ico" host=image-resizer-app-2024-a35abaeeab93.herokuapp.com request_id=0f5ccb36-a7ad-4024-a401-ea54ca60f07f fwd="73.251.188.51" dyno=web.1 connect=0ms service=1ms status=200 bytes=4201 protocol=https
2025-05-27T02:39:12.963270+00:00 heroku[router]: at=info method=GET path="/?boardId=9149820501&itemId=9196835074&itemViewId=130962908&sessionToken=eyJhbGciOiJIUzI1NiJ9.eyJkYXQiOnsiY2xpZW50X2lkIjoiYmE5NDQ3YTdlMWVkZWJmNDJjZDJkOWI1NGNjNmRhNzgiLCJ1c2VyX2lkIjo3MzA1NDUzOCwiYWNjb3VudF9pZCI6MjgzODAxNDEsInNsdWciOiJhcnRtb25nZXIiLCJhcHBfaWQiOjEwNDA2NDMwLCJhcHBfdmVyc2lvbl9pZCI6MTA3OTY3ODcsImluc3RhbGxfaWQiOi0yLCJpc19hZG1pbiI6dHJ1ZSwiaXNfdmlld19vbmx5IjpmYWxzZSwiaXNfZ3Vlc3QiOmZhbHNlLCJ1c2VyX2tpbmQiOiJhZG1pbiJ9LCJleHAiOjE3NDgzOTk5NTJ9.HFTuWELP5Pmn0ggGMIJAU8e45uJ3rGIGsK3WsFG2NVI" host=image-resizer-app-2024-a35abaeeab93.herokuapp.com request_id=e4521daa-a940-46c8-a8f8-ad4086298565 fwd="73.251.188.51" dyno=web.1 connect=0ms service=2ms status=200 bytes=986 protocol=https
2025-05-27T02:39:13.004586+00:00 heroku[router]: at=info method=GET path="/static/js/main.065438d4.js" host=image-resizer-app-2024-a35abaeeab93.herokuapp.com request_id=ae8fc23b-697a-4157-9560-694c34820b2a fwd="73.251.188.51" dyno=web.1 connect=0ms service=2ms status=200 bytes=172425 protocol=https
2025-05-27T02:39:13.064826+00:00 heroku[router]: at=info method=GET path="/static/css/main.1990403b.css" host=image-resizer-app-2024-a35abaeeab93.herokuapp.com request_id=1536a00c-7584-40c7-8f18-309ea6501f5b fwd="73.251.188.51" dyno=web.1 connect=0ms service=2ms status=200 bytes=7977 protocol=https
2025-05-27T02:59:18.000000+00:00 app[api]: Build started by user cam@artmonger.nyc
2025-05-27T02:59:58.121520+00:00 app[api]: Deploy bb5ddef4 by user cam@artmonger.nyc
2025-05-27T02:59:58.121520+00:00 app[api]: Release v69 created by user cam@artmonger.nyc
2025-05-27T02:59:58.345508+00:00 heroku[web.1]: Restarting
2025-05-27T02:59:58.348042+00:00 heroku[web.1]: State changed from up to starting
2025-05-27T02:59:58.883092+00:00 heroku[web.1]: Stopping all processes with SIGTERM
2025-05-27T02:59:58.945809+00:00 heroku[web.1]: Process exited with status 143
2025-05-27T03:00:05.014941+00:00 heroku[web.1]: Starting process with command `npm start`
2025-05-27T03:00:06.058940+00:00 app[web.1]: 
2025-05-27T03:00:06.058959+00:00 app[web.1]: > monday-image-transfer-app@0.1.0 start
2025-05-27T03:00:06.058959+00:00 app[web.1]: > node server.js
2025-05-27T03:00:06.058960+00:00 app[web.1]: 
2025-05-27T03:00:06.324189+00:00 app[web.1]: Server is running on port 38614
2025-05-27T03:00:06.837744+00:00 heroku[web.1]: State changed from starting to up
2025-05-27T03:00:28.000000+00:00 app[api]: Build succeeded
2025-05-27T03:12:18.555770+00:00 heroku[router]: at=info method=GET path="/privacy-policy.html" host=image-resizer-app-2024-a35abaeeab93.herokuapp.com request_id=1f467350-ccdb-41da-9abb-f218b7caf034 fwd="73.251.188.51" dyno=web.1 connect=0ms service=7ms status=200 bytes=4146 protocol=https
2025-05-27T03:15:25.000000+00:00 app[api]: Build started by user cam@artmonger.nyc
2025-05-27T03:16:04.232611+00:00 app[api]: Deploy 15a3ceef by user cam@artmonger.nyc
2025-05-27T03:16:04.232611+00:00 app[api]: Release v70 created by user cam@artmonger.nyc
2025-05-27T03:16:04.433421+00:00 heroku[web.1]: Restarting
2025-05-27T03:16:04.435324+00:00 heroku[web.1]: State changed from up to starting
2025-05-27T03:16:05.026652+00:00 heroku[web.1]: Stopping all processes with SIGTERM
2025-05-27T03:16:05.102561+00:00 heroku[web.1]: Process exited with status 143
2025-05-27T03:16:11.799391+00:00 heroku[web.1]: Starting process with command `npm start`
2025-05-27T03:16:12.845963+00:00 app[web.1]: 
2025-05-27T03:16:12.845975+00:00 app[web.1]: > monday-image-transfer-app@0.1.0 start
2025-05-27T03:16:12.845976+00:00 app[web.1]: > node server.js
2025-05-27T03:16:12.845976+00:00 app[web.1]: 
2025-05-27T03:16:13.093757+00:00 app[web.1]: Server is running on port 26560
2025-05-27T03:16:13.530712+00:00 heroku[web.1]: State changed from starting to up
2025-05-27T03:16:35.000000+00:00 app[api]: Build succeeded
2025-05-27T03:30:57.000000+00:00 app[api]: Build started by user cam@artmonger.nyc
2025-05-27T03:31:40.744129+00:00 app[api]: Release v71 created by user cam@artmonger.nyc
2025-05-27T03:31:40.744129+00:00 app[api]: Deploy f18322be by user cam@artmonger.nyc
2025-05-27T03:31:41.693087+00:00 heroku[web.1]: Restarting
2025-05-27T03:31:41.742108+00:00 heroku[web.1]: State changed from up to starting
2025-05-27T03:31:42.383169+00:00 heroku[web.1]: Stopping all processes with SIGTERM
2025-05-27T03:31:42.458292+00:00 heroku[web.1]: Process exited with status 143
2025-05-27T03:31:47.640310+00:00 heroku[web.1]: Starting process with command `npm start`
2025-05-27T03:31:48.515053+00:00 app[web.1]: 
2025-05-27T03:31:48.515071+00:00 app[web.1]: > monday-image-transfer-app@0.1.0 start
2025-05-27T03:31:48.515072+00:00 app[web.1]: > node server.js
2025-05-27T03:31:48.515072+00:00 app[web.1]: 
2025-05-27T03:31:48.708417+00:00 app[web.1]: Server is running on port 11641
2025-05-27T03:31:48.823267+00:00 heroku[web.1]: State changed from starting to up
2025-05-27T03:32:10.000000+00:00 app[api]: Build succeeded
2025-05-27T03:34:30.903182+00:00 heroku[router]: at=info method=GET path="/hsts-documentation.html" host=image-resizer-app-2024-a35abaeeab93.herokuapp.com request_id=20afc08a-4646-4e7a-9f00-b73ad4997c96 fwd="73.251.188.51" dyno=web.1 connect=0ms service=7ms status=200 bytes=2594 protocol=https
2025-05-27T03:37:33.316803+00:00 heroku[router]: at=info method=GET path="/?boardId=9149820501&itemId=9196835074&itemViewId=130962908&sessionToken=eyJhbGciOiJIUzI1NiJ9.eyJkYXQiOnsiY2xpZW50X2lkIjoiYmE5NDQ3YTdlMWVkZWJmNDJjZDJkOWI1NGNjNmRhNzgiLCJ1c2VyX2lkIjo3MzA1NDUzOCwiYWNjb3VudF9pZCI6MjgzODAxNDEsInNsdWciOiJhcnRtb25nZXIiLCJhcHBfaWQiOjEwNDA2NDMwLCJhcHBfdmVyc2lvbl9pZCI6MTA3OTY3ODcsImluc3RhbGxfaWQiOi0yLCJpc19hZG1pbiI6dHJ1ZSwiaXNfdmlld19vbmx5IjpmYWxzZSwiaXNfZ3Vlc3QiOmZhbHNlLCJ1c2VyX2tpbmQiOiJhZG1pbiJ9LCJleHAiOjE3NDgzOTk5NTJ9.HFTuWELP5Pmn0ggGMIJAU8e45uJ3rGIGsK3WsFG2NVI" host=image-resizer-app-2024-a35abaeeab93.herokuapp.com request_id=18e4a35d-cf60-4418-a693-88044aa35c14 fwd="73.251.188.51" dyno=web.1 connect=0ms service=5ms status=200 bytes=986 protocol=https
2025-05-27T03:37:33.371401+00:00 heroku[router]: at=info method=GET path="/static/js/main.065438d4.js" host=image-resizer-app-2024-a35abaeeab93.herokuapp.com request_id=afa38251-174c-4310-a0c7-7066f9ba2572 fwd="73.251.188.51" dyno=web.1 connect=0ms service=4ms status=200 bytes=172425 protocol=https
2025-05-27T03:37:33.422125+00:00 heroku[router]: at=info method=GET path="/static/css/main.1990403b.css" host=image-resizer-app-2024-a35abaeeab93.herokuapp.com request_id=726b6780-1c26-458c-bdc7-44c49e9dc509 fwd="73.251.188.51" dyno=web.1 connect=0ms service=1ms status=200 bytes=7977 protocol=https
2025-05-27T03:41:32.000000+00:00 app[api]: Build started by user cam@artmonger.nyc
2025-05-27T03:42:10.795360+00:00 app[api]: Deploy 443f9c48 by user cam@artmonger.nyc
2025-05-27T03:42:10.795360+00:00 app[api]: Release v72 created by user cam@artmonger.nyc
2025-05-27T03:42:13.238502+00:00 heroku[web.1]: Restarting
2025-05-27T03:42:13.240682+00:00 heroku[web.1]: State changed from up to starting
2025-05-27T03:42:13.802318+00:00 heroku[web.1]: Stopping all processes with SIGTERM
2025-05-27T03:42:13.878091+00:00 heroku[web.1]: Process exited with status 143
2025-05-27T03:42:19.032370+00:00 heroku[web.1]: Starting process with command `npm start`
2025-05-27T03:42:19.964592+00:00 app[web.1]: 
2025-05-27T03:42:19.964647+00:00 app[web.1]: > monday-image-transfer-app@0.1.0 start
2025-05-27T03:42:19.964649+00:00 app[web.1]: > node server.js
2025-05-27T03:42:19.964651+00:00 app[web.1]: 
2025-05-27T03:42:20.172438+00:00 app[web.1]: Server is running on port 12555
2025-05-27T03:42:20.192869+00:00 heroku[web.1]: State changed from starting to up
2025-05-27T03:42:39.000000+00:00 app[api]: Build succeeded
2025-05-27T03:44:51.276516+00:00 heroku[router]: at=info method=GET path="/?boardId=9149820501&itemId=9196835074&itemViewId=130962908&sessionToken=eyJhbGciOiJIUzI1NiJ9.eyJkYXQiOnsiY2xpZW50X2lkIjoiYmE5NDQ3YTdlMWVkZWJmNDJjZDJkOWI1NGNjNmRhNzgiLCJ1c2VyX2lkIjo3MzA1NDUzOCwiYWNjb3VudF9pZCI6MjgzODAxNDEsInNsdWciOiJhcnRtb25nZXIiLCJhcHBfaWQiOjEwNDA2NDMwLCJhcHBfdmVyc2lvbl9pZCI6MTA3OTY3ODcsImluc3RhbGxfaWQiOi0yLCJpc19hZG1pbiI6dHJ1ZSwiaXNfdmlld19vbmx5IjpmYWxzZSwiaXNfZ3Vlc3QiOmZhbHNlLCJ1c2VyX2tpbmQiOiJhZG1pbiJ9LCJleHAiOjE3NDg0MDM4OTF9.vyG3_vVsIgs4pAvBT14w2b25alMWrUDeKiz1WMNiLq4" host=image-resizer-app-2024-a35abaeeab93.herokuapp.com request_id=6559f0be-a0f1-40e7-a1f5-06c663d89654 fwd="73.251.188.51" dyno=web.1 connect=0ms service=10ms status=200 bytes=986 protocol=https
2025-05-27T03:44:51.317721+00:00 heroku[router]: at=info method=GET path="/static/js/main.ab8872c8.js" host=image-resizer-app-2024-a35abaeeab93.herokuapp.com request_id=197e538a-aadc-4654-ab98-b1fecdab17b6 fwd="73.251.188.51" dyno=web.1 connect=0ms service=3ms status=200 bytes=172740 protocol=https
2025-05-27T03:44:51.369548+00:00 heroku[router]: at=info method=GET path="/static/css/main.1990403b.css" host=image-resizer-app-2024-a35abaeeab93.herokuapp.com request_id=00511cb6-12f4-4c7f-b878-f535de88902a fwd="73.251.188.51" dyno=web.1 connect=0ms service=2ms status=200 bytes=7977 protocol=https
2025-05-27T03:47:28.000000+00:00 app[api]: Build started by user cam@artmonger.nyc
2025-05-27T03:48:06.663148+00:00 app[api]: Deploy 9f336fd7 by user cam@artmonger.nyc
2025-05-27T03:48:06.663148+00:00 app[api]: Release v73 created by user cam@artmonger.nyc
2025-05-27T03:48:07.358326+00:00 heroku[web.1]: Restarting
2025-05-27T03:48:07.406636+00:00 heroku[web.1]: State changed from up to starting
2025-05-27T03:48:07.976625+00:00 heroku[web.1]: Stopping all processes with SIGTERM
2025-05-27T03:48:08.038733+00:00 heroku[web.1]: Process exited with status 143
2025-05-27T03:48:13.320143+00:00 heroku[web.1]: Starting process with command `npm start`
2025-05-27T03:48:14.288028+00:00 app[web.1]: 
2025-05-27T03:48:14.288064+00:00 app[web.1]: > monday-image-transfer-app@0.1.0 start
2025-05-27T03:48:14.288065+00:00 app[web.1]: > node server.js
2025-05-27T03:48:14.288065+00:00 app[web.1]: 
2025-05-27T03:48:14.527777+00:00 app[web.1]: Server is running on port 42029
2025-05-27T03:48:15.055335+00:00 heroku[web.1]: State changed from starting to up
2025-05-27T03:48:36.000000+00:00 app[api]: Build succeeded
2025-05-27T03:50:40.539267+00:00 heroku[router]: at=info method=GET path="/?boardId=9149820501&itemId=9196835074&itemViewId=130962908&sessionToken=eyJhbGciOiJIUzI1NiJ9.eyJkYXQiOnsiY2xpZW50X2lkIjoiYmE5NDQ3YTdlMWVkZWJmNDJjZDJkOWI1NGNjNmRhNzgiLCJ1c2VyX2lkIjo3MzA1NDUzOCwiYWNjb3VudF9pZCI6MjgzODAxNDEsInNsdWciOiJhcnRtb25nZXIiLCJhcHBfaWQiOjEwNDA2NDMwLCJhcHBfdmVyc2lvbl9pZCI6MTA3OTY3ODcsImluc3RhbGxfaWQiOi0yLCJpc19hZG1pbiI6dHJ1ZSwiaXNfdmlld19vbmx5IjpmYWxzZSwiaXNfZ3Vlc3QiOmZhbHNlLCJ1c2VyX2tpbmQiOiJhZG1pbiJ9LCJleHAiOjE3NDg0MDQyNDB9.Io8i9iGkVJV0i1e5sLl6176pgTuYsMO-mKHzLqJzh5g" host=image-resizer-app-2024-a35abaeeab93.herokuapp.com request_id=4b887f00-6ccc-4b52-8306-2730745e5d43 fwd="73.251.188.51" dyno=web.1 connect=0ms service=12ms status=200 bytes=986 protocol=https
2025-05-27T03:50:40.586431+00:00 heroku[router]: at=info method=GET path="/static/js/main.b0431e66.js" host=image-resizer-app-2024-a35abaeeab93.herokuapp.com request_id=000f487a-6b14-462f-90e4-aa1be396c06f fwd="73.251.188.51" dyno=web.1 connect=0ms service=3ms status=200 bytes=172708 protocol=https
2025-05-27T03:50:40.639902+00:00 heroku[router]: at=info method=GET path="/static/css/main.1990403b.css" host=image-resizer-app-2024-a35abaeeab93.herokuapp.com request_id=29b14671-1c41-4e6c-8fc8-1e112dbe8704 fwd="73.251.188.51" dyno=web.1 connect=0ms service=2ms status=200 bytes=7977 protocol=https
2025-05-27T03:51:06.951686+00:00 heroku[router]: at=info method=GET path="/?boardId=9149820501&itemId=9196835074&itemViewId=130962908&sessionToken=eyJhbGciOiJIUzI1NiJ9.eyJkYXQiOnsiY2xpZW50X2lkIjoiYmE5NDQ3YTdlMWVkZWJmNDJjZDJkOWI1NGNjNmRhNzgiLCJ1c2VyX2lkIjo3MzA1NDUzOCwiYWNjb3VudF9pZCI6MjgzODAxNDEsInNsdWciOiJhcnRtb25nZXIiLCJhcHBfaWQiOjEwNDA2NDMwLCJhcHBfdmVyc2lvbl9pZCI6MTA3OTY3ODcsImluc3RhbGxfaWQiOi0yLCJpc19hZG1pbiI6dHJ1ZSwiaXNfdmlld19vbmx5IjpmYWxzZSwiaXNfZ3Vlc3QiOmZhbHNlLCJ1c2VyX2tpbmQiOiJhZG1pbiJ9LCJleHAiOjE3NDg0MDQyNjZ9.e7FlLvkRqM-CFWG-tpjUH50SbKPc1ogEQou8wb4IfQ0" host=image-resizer-app-2024-a35abaeeab93.herokuapp.com request_id=1579ae06-8e98-4c8a-985b-c65ba56e32d4 fwd="73.251.188.51" dyno=web.1 connect=0ms service=2ms status=200 bytes=986 protocol=https
2025-05-27T03:51:06.993239+00:00 heroku[router]: at=info method=GET path="/static/css/main.1990403b.css" host=image-resizer-app-2024-a35abaeeab93.herokuapp.com request_id=28b52104-69c1-4f34-b780-678549f12a7c fwd="73.251.188.51" dyno=web.1 connect=0ms service=1ms status=304 bytes=292 protocol=https
2025-05-27T03:51:07.023352+00:00 heroku[router]: at=info method=GET path="/static/js/main.b0431e66.js" host=image-resizer-app-2024-a35abaeeab93.herokuapp.com request_id=a57d2865-3db4-4604-80d9-6669ce1db674 fwd="73.251.188.51" dyno=web.1 connect=0ms service=1ms status=304 bytes=293 protocol=https
2025-05-27T03:53:48.000000+00:00 app[api]: Build started by user cam@artmonger.nyc
2025-05-27T03:54:27.087755+00:00 app[api]: Release v74 created by user cam@artmonger.nyc
2025-05-27T03:54:27.087755+00:00 app[api]: Deploy 9f6baf4c by user cam@artmonger.nyc
2025-05-27T03:54:27.533773+00:00 heroku[web.1]: Restarting
2025-05-27T03:54:27.535953+00:00 heroku[web.1]: State changed from up to starting
2025-05-27T03:54:28.174552+00:00 heroku[web.1]: Stopping all processes with SIGTERM
2025-05-27T03:54:28.236797+00:00 heroku[web.1]: Process exited with status 143
2025-05-27T03:54:33.788403+00:00 heroku[web.1]: Starting process with command `npm start`
2025-05-27T03:54:34.708604+00:00 app[web.1]: 
2025-05-27T03:54:34.708614+00:00 app[web.1]: > monday-image-transfer-app@0.1.0 start
2025-05-27T03:54:34.708615+00:00 app[web.1]: > node server.js
2025-05-27T03:54:34.708615+00:00 app[web.1]: 
2025-05-27T03:54:34.954107+00:00 app[web.1]: Server is running on port 9705
2025-05-27T03:54:35.000914+00:00 heroku[web.1]: State changed from starting to up
2025-05-27T03:54:57.000000+00:00 app[api]: Build succeeded
2025-05-27T04:15:02.063022+00:00 heroku[router]: at=info method=GET path="/?boardId=9149820501&itemId=9196835074&itemViewId=130962908&sessionToken=eyJhbGciOiJIUzI1NiJ9.eyJkYXQiOnsiY2xpZW50X2lkIjoiYmE5NDQ3YTdlMWVkZWJmNDJjZDJkOWI1NGNjNmRhNzgiLCJ1c2VyX2lkIjo3MzA1NDUzOCwiYWNjb3VudF9pZCI6MjgzODAxNDEsInNsdWciOiJhcnRtb25nZXIiLCJhcHBfaWQiOjEwNDA2NDMwLCJhcHBfdmVyc2lvbl9pZCI6MTA3OTY3ODcsImluc3RhbGxfaWQiOi0yLCJpc19hZG1pbiI6dHJ1ZSwiaXNfdmlld19vbmx5IjpmYWxzZSwiaXNfZ3Vlc3QiOmZhbHNlLCJ1c2VyX2tpbmQiOiJhZG1pbiJ9LCJleHAiOjE3NDg0MDU3MDF9.y5LMLUlvbdtnc0yinmDSl6nBM-uM_cwXBSgD_ux6J4s" host=image-resizer-app-2024-a35abaeeab93.herokuapp.com request_id=d3e15f01-e546-4eaf-b183-bf46914ff5c2 fwd="73.251.188.51" dyno=web.1 connect=0ms service=8ms status=200 bytes=986 protocol=https
2025-05-27T04:15:02.109542+00:00 heroku[router]: at=info method=GET path="/static/js/main.c328583e.js" host=image-resizer-app-2024-a35abaeeab93.herokuapp.com request_id=57d0618f-8303-491b-acf2-788c3be9cc10 fwd="73.251.188.51" dyno=web.1 connect=0ms service=4ms status=200 bytes=172864 protocol=https
2025-05-27T04:15:02.165743+00:00 heroku[router]: at=info method=GET path="/static/css/main.1990403b.css" host=image-resizer-app-2024-a35abaeeab93.herokuapp.com request_id=b3cf288a-e3dc-4859-984c-eeaec298f66d fwd="73.251.188.51" dyno=web.1 connect=0ms service=2ms status=200 bytes=7977 protocol=https
2025-05-27T04:15:35.401138+00:00 heroku[router]: at=info method=GET path="/?boardId=9149820501&itemId=9196835074&itemViewId=130962908&sessionToken=eyJhbGciOiJIUzI1NiJ9.eyJkYXQiOnsiY2xpZW50X2lkIjoiYmE5NDQ3YTdlMWVkZWJmNDJjZDJkOWI1NGNjNmRhNzgiLCJ1c2VyX2lkIjo3MzA1NDUzOCwiYWNjb3VudF9pZCI6MjgzODAxNDEsInNsdWciOiJhcnRtb25nZXIiLCJhcHBfaWQiOjEwNDA2NDMwLCJhcHBfdmVyc2lvbl9pZCI6MTA3OTY3ODcsImluc3RhbGxfaWQiOi0yLCJpc19hZG1pbiI6dHJ1ZSwiaXNfdmlld19vbmx5IjpmYWxzZSwiaXNfZ3Vlc3QiOmZhbHNlLCJ1c2VyX2tpbmQiOiJhZG1pbiJ9LCJleHAiOjE3NDg0MDU3MDF9.y5LMLUlvbdtnc0yinmDSl6nBM-uM_cwXBSgD_ux6J4s" host=image-resizer-app-2024-a35abaeeab93.herokuapp.com request_id=11a89b99-fa38-4cfd-ac49-b8eb5763d1b6 fwd="73.251.188.51" dyno=web.1 connect=0ms service=2ms status=304 bytes=291 protocol=https
2025-05-27T04:15:35.439566+00:00 heroku[router]: at=info method=GET path="/static/js/main.c328583e.js" host=image-resizer-app-2024-a35abaeeab93.herokuapp.com request_id=895e16ae-8cba-414a-b88b-49039f6fbf6f fwd="73.251.188.51" dyno=web.1 connect=0ms service=1ms status=304 bytes=293 protocol=https
2025-05-27T04:15:35.468586+00:00 heroku[router]: at=info method=GET path="/static/css/main.1990403b.css" host=image-resizer-app-2024-a35abaeeab93.herokuapp.com request_id=13fe353c-a43b-46c7-a484-583331740b82 fwd="73.251.188.51" dyno=web.1 connect=0ms service=1ms status=304 bytes=292 protocol=https
2025-05-27T04:15:45.786598+00:00 heroku[router]: at=info method=GET path="/static/css/main.1990403b.css" host=image-resizer-app-2024-a35abaeeab93.herokuapp.com request_id=b83159d9-9f57-42a5-962c-b6370b78b002 fwd="73.251.188.51" dyno=web.1 connect=0ms service=1ms status=304 bytes=292 protocol=https
2025-05-27T04:15:45.811884+00:00 heroku[router]: at=info method=GET path="/manifest.json" host=image-resizer-app-2024-a35abaeeab93.herokuapp.com request_id=f9cd45d7-46b4-4206-93d4-89254b7d6cf0 fwd="73.251.188.51" dyno=web.1 connect=0ms service=1ms status=200 bytes=841 protocol=https
2025-05-27T04:15:45.835290+00:00 heroku[router]: at=info method=GET path="/static/js/main.c328583e.js.map" host=image-resizer-app-2024-a35abaeeab93.herokuapp.com request_id=1a3d05ec-4a00-4635-b184-f296c52e882c fwd="73.251.188.51" dyno=web.1 connect=0ms service=3ms status=200 bytes=446675 protocol=https
2025-05-27T04:15:45.907029+00:00 heroku[router]: at=info method=GET path="/static/css/main.1990403b.css.map" host=image-resizer-app-2024-a35abaeeab93.herokuapp.com request_id=85f6910b-2b9d-4178-9402-38c5fd58046d fwd="73.251.188.51" dyno=web.1 connect=0ms service=1ms status=200 bytes=13501 protocol=https
2025-05-27T04:17:56.000000+00:00 app[api]: Build started by user cam@artmonger.nyc
2025-05-27T04:18:35.181504+00:00 app[api]: Deploy ab73882d by user cam@artmonger.nyc
2025-05-27T04:18:35.181504+00:00 app[api]: Release v75 created by user cam@artmonger.nyc
2025-05-27T04:18:35.565377+00:00 heroku[web.1]: Restarting
2025-05-27T04:18:35.614789+00:00 heroku[web.1]: State changed from up to starting
2025-05-27T04:18:36.222315+00:00 heroku[web.1]: Stopping all processes with SIGTERM
2025-05-27T04:18:36.287968+00:00 heroku[web.1]: Process exited with status 143
2025-05-27T04:18:41.521576+00:00 heroku[web.1]: Starting process with command `npm start`
2025-05-27T04:18:42.412537+00:00 app[web.1]: 
2025-05-27T04:18:42.412578+00:00 app[web.1]: > monday-image-transfer-app@0.1.0 start
2025-05-27T04:18:42.412578+00:00 app[web.1]: > node server.js
2025-05-27T04:18:42.412579+00:00 app[web.1]: 
2025-05-27T04:18:42.609492+00:00 app[web.1]: Server is running on port 24111
2025-05-27T04:18:42.695097+00:00 heroku[web.1]: State changed from starting to up
2025-05-27T04:19:04.000000+00:00 app[api]: Build succeeded
2025-05-27T04:20:38.898571+00:00 heroku[router]: at=info method=GET path="/?boardId=9149820501&itemId=9196835074&itemViewId=130962908&sessionToken=eyJhbGciOiJIUzI1NiJ9.eyJkYXQiOnsiY2xpZW50X2lkIjoiYmE5NDQ3YTdlMWVkZWJmNDJjZDJkOWI1NGNjNmRhNzgiLCJ1c2VyX2lkIjo3MzA1NDUzOCwiYWNjb3VudF9pZCI6MjgzODAxNDEsInNsdWciOiJhcnRtb25nZXIiLCJhcHBfaWQiOjEwNDA2NDMwLCJhcHBfdmVyc2lvbl9pZCI6MTA3OTY3ODcsImluc3RhbGxfaWQiOi0yLCJpc19hZG1pbiI6dHJ1ZSwiaXNfdmlld19vbmx5IjpmYWxzZSwiaXNfZ3Vlc3QiOmZhbHNlLCJ1c2VyX2tpbmQiOiJhZG1pbiJ9LCJleHAiOjE3NDg0MDYwMzh9.cStWOGujOjXZUJ4KrozS3WXmzraFWP21FQ9U2KVzHZ8" host=image-resizer-app-2024-a35abaeeab93.herokuapp.com request_id=e5227923-94b0-4433-9581-1092e0793ec9 fwd="73.251.188.51" dyno=web.1 connect=0ms service=8ms status=200 bytes=986 protocol=https
2025-05-27T04:20:39.070359+00:00 heroku[router]: at=info method=GET path="/static/js/main.0b4df346.js" host=image-resizer-app-2024-a35abaeeab93.herokuapp.com request_id=21429bef-bf50-4167-aa8d-f935ea361a98 fwd="73.251.188.51" dyno=web.1 connect=0ms service=5ms status=200 bytes=172889 protocol=https
2025-05-27T04:20:39.247051+00:00 heroku[router]: at=info method=GET path="/static/css/main.1990403b.css" host=image-resizer-app-2024-a35abaeeab93.herokuapp.com request_id=12e29bba-b73f-4ee2-87d3-18662f34fa75 fwd="73.251.188.51" dyno=web.1 connect=0ms service=2ms status=200 bytes=7977 protocol=https
2025-05-27T04:20:39.346523+00:00 heroku[router]: at=info method=GET path="/static/css/main.1990403b.css.map" host=image-resizer-app-2024-a35abaeeab93.herokuapp.com request_id=92fc648c-e3c5-4997-956d-697649222899 fwd="73.251.188.51" dyno=web.1 connect=0ms service=1ms status=200 bytes=13501 protocol=https
2025-05-27T04:20:39.496349+00:00 heroku[router]: at=info method=GET path="/static/js/main.0b4df346.js.map" host=image-resizer-app-2024-a35abaeeab93.herokuapp.com request_id=7c100b85-0610-4cc5-afeb-4006cb67c1fd fwd="73.251.188.51" dyno=web.1 connect=0ms service=4ms status=200 bytes=446699 protocol=https
2025-05-27T04:21:35.000000+00:00 app[api]: Build started by user cam@artmonger.nyc
2025-05-27T04:22:13.971445+00:00 app[api]: Deploy 69e3a6f5 by user cam@artmonger.nyc
2025-05-27T04:22:13.971445+00:00 app[api]: Release v76 created by user cam@artmonger.nyc
2025-05-27T04:22:14.356417+00:00 heroku[web.1]: Restarting
2025-05-27T04:22:14.404802+00:00 heroku[web.1]: State changed from up to starting
2025-05-27T04:22:15.029593+00:00 heroku[web.1]: Stopping all processes with SIGTERM
2025-05-27T04:22:15.095083+00:00 heroku[web.1]: Process exited with status 143
2025-05-27T04:22:20.286406+00:00 heroku[web.1]: Starting process with command `npm start`
2025-05-27T04:22:21.115108+00:00 app[web.1]: 
2025-05-27T04:22:21.115129+00:00 app[web.1]: > monday-image-transfer-app@0.1.0 start
2025-05-27T04:22:21.115129+00:00 app[web.1]: > node server.js
2025-05-27T04:22:21.115130+00:00 app[web.1]: 
2025-05-27T04:22:21.298349+00:00 app[web.1]: Server is running on port 54128
2025-05-27T04:22:21.469308+00:00 heroku[web.1]: State changed from starting to up
2025-05-27T04:22:47.000000+00:00 app[api]: Build succeeded
2025-05-27T04:22:52.000000+00:00 app[api]: Build started by user cam@artmonger.nyc
2025-05-27T04:23:35.306243+00:00 app[api]: Deploy 757c678a by user cam@artmonger.nyc
2025-05-27T04:23:35.306243+00:00 app[api]: Release v77 created by user cam@artmonger.nyc
2025-05-27T04:23:35.737159+00:00 heroku[web.1]: Restarting
2025-05-27T04:23:35.791606+00:00 heroku[web.1]: State changed from up to starting
2025-05-27T04:23:36.398933+00:00 heroku[web.1]: Stopping all processes with SIGTERM
2025-05-27T04:23:36.460857+00:00 heroku[web.1]: Process exited with status 143
2025-05-27T04:23:41.658007+00:00 heroku[web.1]: Starting process with command `npm start`
2025-05-27T04:23:42.589476+00:00 app[web.1]: 
2025-05-27T04:23:42.589512+00:00 app[web.1]: > monday-image-transfer-app@0.1.0 start
2025-05-27T04:23:42.589512+00:00 app[web.1]: > node server.js
2025-05-27T04:23:42.589512+00:00 app[web.1]: 
2025-05-27T04:23:42.784913+00:00 app[web.1]: Server is running on port 42928
2025-05-27T04:23:42.884323+00:00 heroku[web.1]: State changed from starting to up
2025-05-27T04:24:05.000000+00:00 app[api]: Build succeeded
2025-05-27T04:32:27.545645+00:00 heroku[router]: at=info method=GET path="/?boardId=9149820501&itemId=9196835074&itemViewId=130962908&sessionToken=eyJhbGciOiJIUzI1NiJ9.eyJkYXQiOnsiY2xpZW50X2lkIjoiYmE5NDQ3YTdlMWVkZWJmNDJjZDJkOWI1NGNjNmRhNzgiLCJ1c2VyX2lkIjo3MzA1NDUzOCwiYWNjb3VudF9pZCI6MjgzODAxNDEsInNsdWciOiJhcnRtb25nZXIiLCJhcHBfaWQiOjEwNDA2NDMwLCJhcHBfdmVyc2lvbl9pZCI6MTA3OTY3ODcsImluc3RhbGxfaWQiOi0yLCJpc19hZG1pbiI6dHJ1ZSwiaXNfdmlld19vbmx5IjpmYWxzZSwiaXNfZ3Vlc3QiOmZhbHNlLCJ1c2VyX2tpbmQiOiJhZG1pbiJ9LCJleHAiOjE3NDg0MDY3NDd9.F9FyHXVNCzs9Th-JrtID90IZFejVesGQvmg8k85xAPc" host=image-resizer-app-2024-a35abaeeab93.herokuapp.com request_id=235e63f7-5272-4ae8-b208-caefaac616b5 fwd="73.251.188.51" dyno=web.1 connect=0ms service=8ms status=200 bytes=986 protocol=https
2025-05-27T04:32:27.921605+00:00 heroku[router]: at=info method=GET path="/static/js/main.a85b11de.js" host=image-resizer-app-2024-a35abaeeab93.herokuapp.com request_id=32c3f708-215a-44e9-9f32-0a0d017859cb fwd="73.251.188.51" dyno=web.1 connect=0ms service=3ms status=200 bytes=172897 protocol=https
2025-05-27T04:32:27.982479+00:00 heroku[router]: at=info method=GET path="/static/css/main.1990403b.css" host=image-resizer-app-2024-a35abaeeab93.herokuapp.com request_id=6ae19f54-6326-4964-b1a2-039a658f7561 fwd="73.251.188.51" dyno=web.1 connect=0ms service=2ms status=200 bytes=7977 protocol=https
2025-05-27T04:32:28.036494+00:00 heroku[router]: at=info method=GET path="/static/css/main.1990403b.css.map" host=image-resizer-app-2024-a35abaeeab93.herokuapp.com request_id=29717444-a5c0-451d-86bb-f9194812778a fwd="73.251.188.51" dyno=web.1 connect=0ms service=1ms status=200 bytes=13501 protocol=https
2025-05-27T04:32:28.088573+00:00 heroku[router]: at=info method=GET path="/static/js/main.a85b11de.js.map" host=image-resizer-app-2024-a35abaeeab93.herokuapp.com request_id=3c603c13-ec58-40c6-a1bb-32d807ed9684 fwd="73.251.188.51" dyno=web.1 connect=0ms service=3ms status=200 bytes=446716 protocol=https
2025-05-27T04:34:42.000000+00:00 app[api]: Build started by user cam@artmonger.nyc
2025-05-27T04:35:20.718584+00:00 app[api]: Deploy b644191b by user cam@artmonger.nyc
2025-05-27T04:35:20.718584+00:00 app[api]: Release v78 created by user cam@artmonger.nyc
2025-05-27T04:35:21.081915+00:00 heroku[web.1]: Restarting
2025-05-27T04:35:21.132114+00:00 heroku[web.1]: State changed from up to starting
2025-05-27T04:35:21.751095+00:00 heroku[web.1]: Stopping all processes with SIGTERM
2025-05-27T04:35:21.819315+00:00 heroku[web.1]: Process exited with status 143
2025-05-27T04:35:27.154421+00:00 heroku[web.1]: Starting process with command `npm start`
2025-05-27T04:35:28.053076+00:00 app[web.1]: 
2025-05-27T04:35:28.053112+00:00 app[web.1]: > monday-image-transfer-app@0.1.0 start
2025-05-27T04:35:28.053112+00:00 app[web.1]: > node server.js
2025-05-27T04:35:28.053113+00:00 app[web.1]: 
2025-05-27T04:35:28.245050+00:00 app[web.1]: Server is running on port 50996
2025-05-27T04:35:28.367515+00:00 heroku[web.1]: State changed from starting to up
2025-05-27T04:35:50.000000+00:00 app[api]: Build succeeded
2025-05-27T04:37:00.262789+00:00 heroku[router]: at=info method=GET path="/?boardId=9149820501&itemId=9196835074&itemViewId=130962908&sessionToken=eyJhbGciOiJIUzI1NiJ9.eyJkYXQiOnsiY2xpZW50X2lkIjoiYmE5NDQ3YTdlMWVkZWJmNDJjZDJkOWI1NGNjNmRhNzgiLCJ1c2VyX2lkIjo3MzA1NDUzOCwiYWNjb3VudF9pZCI6MjgzODAxNDEsInNsdWciOiJhcnRtb25nZXIiLCJhcHBfaWQiOjEwNDA2NDMwLCJhcHBfdmVyc2lvbl9pZCI6MTA3OTY3ODcsImluc3RhbGxfaWQiOi0yLCJpc19hZG1pbiI6dHJ1ZSwiaXNfdmlld19vbmx5IjpmYWxzZSwiaXNfZ3Vlc3QiOmZhbHNlLCJ1c2VyX2tpbmQiOiJhZG1pbiJ9LCJleHAiOjE3NDg0MDcwMTl9.Yt9yCLglWnEkFgzlEl_VvcZARsADKbt1MfeHbnkqf6I" host=image-resizer-app-2024-a35abaeeab93.herokuapp.com request_id=a1050979-ab9e-4816-8ed7-e010ff19d024 fwd="73.251.188.51" dyno=web.1 connect=0ms service=9ms status=200 bytes=986 protocol=https
2025-05-27T04:37:00.602761+00:00 heroku[router]: at=info method=GET path="/static/js/main.851ba201.js" host=image-resizer-app-2024-a35abaeeab93.herokuapp.com request_id=ffd9b456-d58a-4078-b680-f2a4eb6a37d3 fwd="73.251.188.51" dyno=web.1 connect=0ms service=4ms status=200 bytes=172850 protocol=https
2025-05-27T04:37:00.664800+00:00 heroku[router]: at=info method=GET path="/static/css/main.1990403b.css" host=image-resizer-app-2024-a35abaeeab93.herokuapp.com request_id=81fa7a63-4034-4687-adb8-1f27ac39f00e fwd="73.251.188.51" dyno=web.1 connect=0ms service=2ms status=200 bytes=7977 protocol=https
2025-05-27T04:37:00.709017+00:00 heroku[router]: at=info method=GET path="/static/css/main.1990403b.css.map" host=image-resizer-app-2024-a35abaeeab93.herokuapp.com request_id=7798bdab-077f-4462-a2d5-325469e3c715 fwd="73.251.188.51" dyno=web.1 connect=0ms service=2ms status=200 bytes=13501 protocol=https
2025-05-27T04:37:00.767535+00:00 heroku[router]: at=info method=GET path="/static/js/main.851ba201.js.map" host=image-resizer-app-2024-a35abaeeab93.herokuapp.com request_id=60e76f05-5004-453b-933a-2452376355c1 fwd="73.251.188.51" dyno=web.1 connect=0ms service=4ms status=200 bytes=446636 protocol=https
2025-05-27T04:39:09.000000+00:00 app[api]: Build started by user cam@artmonger.nyc
2025-05-27T04:39:48.182173+00:00 app[api]: Deploy 92c1a02a by user cam@artmonger.nyc
2025-05-27T04:39:48.182173+00:00 app[api]: Release v79 created by user cam@artmonger.nyc
2025-05-27T04:39:48.467500+00:00 heroku[web.1]: Restarting
2025-05-27T04:39:48.516541+00:00 heroku[web.1]: State changed from up to starting
2025-05-27T04:39:49.261614+00:00 heroku[web.1]: Stopping all processes with SIGTERM
2025-05-27T04:39:49.363168+00:00 heroku[web.1]: Process exited with status 143
2025-05-27T04:39:54.717227+00:00 heroku[web.1]: Starting process with command `npm start`
2025-05-27T04:39:55.664238+00:00 app[web.1]: 
2025-05-27T04:39:55.664300+00:00 app[web.1]: > monday-image-transfer-app@0.1.0 start
2025-05-27T04:39:55.664302+00:00 app[web.1]: > node server.js
2025-05-27T04:39:55.664304+00:00 app[web.1]: 
2025-05-27T04:39:55.867891+00:00 app[web.1]: Server is running on port 52896
2025-05-27T04:39:55.919213+00:00 heroku[web.1]: State changed from starting to up
2025-05-27T04:40:17.000000+00:00 app[api]: Build succeeded
2025-05-27T04:41:56.203695+00:00 heroku[router]: at=info method=GET path="/?boardId=9149820501&itemId=9196835074&itemViewId=130962908&sessionToken=eyJhbGciOiJIUzI1NiJ9.eyJkYXQiOnsiY2xpZW50X2lkIjoiYmE5NDQ3YTdlMWVkZWJmNDJjZDJkOWI1NGNjNmRhNzgiLCJ1c2VyX2lkIjo3MzA1NDUzOCwiYWNjb3VudF9pZCI6MjgzODAxNDEsInNsdWciOiJhcnRtb25nZXIiLCJhcHBfaWQiOjEwNDA2NDMwLCJhcHBfdmVyc2lvbl9pZCI6MTA3OTY3ODcsImluc3RhbGxfaWQiOi0yLCJpc19hZG1pbiI6dHJ1ZSwiaXNfdmlld19vbmx5IjpmYWxzZSwiaXNfZ3Vlc3QiOmZhbHNlLCJ1c2VyX2tpbmQiOiJhZG1pbiJ9LCJleHAiOjE3NDg0MDczMTV9.SsYKaJDY5QsK8jS38XZBPobkR8BoNk3C-2stxUEmPAM" host=image-resizer-app-2024-a35abaeeab93.herokuapp.com request_id=933f71d3-99a0-4216-9a19-1479bf81e9db fwd="73.251.188.51" dyno=web.1 connect=1ms service=8ms status=200 bytes=986 protocol=https
2025-05-27T04:41:56.317532+00:00 heroku[router]: at=info method=GET path="/static/js/main.b4dc5273.js" host=image-resizer-app-2024-a35abaeeab93.herokuapp.com request_id=1d9b56b1-d529-4fe1-9a2b-2293c6172cc5 fwd="73.251.188.51" dyno=web.1 connect=0ms service=5ms status=200 bytes=172688 protocol=https
2025-05-27T04:41:56.367763+00:00 heroku[router]: at=info method=GET path="/static/css/main.1990403b.css" host=image-resizer-app-2024-a35abaeeab93.herokuapp.com request_id=4fb25a02-fb65-4b2a-9d60-f65526158dcc fwd="73.251.188.51" dyno=web.1 connect=0ms service=2ms status=200 bytes=7977 protocol=https
2025-05-27T04:41:56.402498+00:00 heroku[router]: at=info method=GET path="/static/css/main.1990403b.css.map" host=image-resizer-app-2024-a35abaeeab93.herokuapp.com request_id=ea9b11db-04a2-4037-bb8b-0c6134fb0ebe fwd="73.251.188.51" dyno=web.1 connect=0ms service=1ms status=200 bytes=13501 protocol=https
2025-05-27T04:41:56.441488+00:00 heroku[router]: at=info method=GET path="/static/js/main.b4dc5273.js.map" host=image-resizer-app-2024-a35abaeeab93.herokuapp.com request_id=362d6d53-0e53-40e3-bdb5-e07cb1b7c5b8 fwd="73.251.188.51" dyno=web.1 connect=0ms service=3ms status=200 bytes=446430 protocol=https
2025-05-27T04:43:18.436008+00:00 heroku[router]: at=info method=GET path="/log-retention-documentation.html" host=image-resizer-app-2024-a35abaeeab93.herokuapp.com request_id=61182898-cb3c-4f3b-8fb5-b737c826ed6b fwd="73.251.188.51" dyno=web.1 connect=0ms service=2ms status=200 bytes=2500 protocol=https
2025-05-27T09:08:32.974234+00:00 heroku[router]: at=info method=GET path="/?boardId=9227336842&itemId=9227336848&itemViewId=131286681&sessionToken=eyJhbGciOiJIUzI1NiJ9.eyJkYXQiOnsiY2xpZW50X2lkIjoiYmE5NDQ3YTdlMWVkZWJmNDJjZDJkOWI1NGNjNmRhNzgiLCJ1c2VyX2lkIjoyOTE1NDc2MiwiYWNjb3VudF9pZCI6NzI3MTg2Mywic2x1ZyI6ImFwcHNkZW1vcyIsImFwcF9pZCI6MTA0MDY0MzAsImFwcF92ZXJzaW9uX2lkIjoxMDc5Njc4NywiaW5zdGFsbF9pZCI6MTE1NTM4MjUsImlzX2FkbWluIjp0cnVlLCJpc192aWV3X29ubHkiOmZhbHNlLCJpc19ndWVzdCI6ZmFsc2UsInVzZXJfa2luZCI6ImFkbWluIn0sImV4cCI6MTc0ODQyMzMxMX0.PIHSIAeObx8rh15xwq-4lJDCcmLgQuImy_E6XM9YCpE" host=image-resizer-app-2024-a35abaeeab93.herokuapp.com request_id=f1d48424-818c-4ab3-8bf5-d83c3c6a30a2 fwd="213.6.104.82" dyno=web.1 connect=0ms service=13ms status=200 bytes=986 protocol=https
2025-05-27T09:08:33.135231+00:00 heroku[router]: at=info method=GET path="/static/js/main.b4dc5273.js" host=image-resizer-app-2024-a35abaeeab93.herokuapp.com request_id=2d18273c-cbce-4f0a-81e5-bd7fa1e56b8e fwd="213.6.104.82" dyno=web.1 connect=0ms service=5ms status=200 bytes=172688 protocol=https
2025-05-27T09:08:33.422916+00:00 heroku[router]: at=info method=GET path="/static/css/main.1990403b.css" host=image-resizer-app-2024-a35abaeeab93.herokuapp.com request_id=b489d706-d7f2-4e32-ab4d-285bd12c2200 fwd="213.6.104.82" dyno=web.1 connect=0ms service=3ms status=200 bytes=7977 protocol=https
2025-05-27T09:08:41.371618+00:00 heroku[router]: at=info method=GET path="/?boardId=9227336842&itemId=9227336848&itemViewId=131286681&sessionToken=eyJhbGciOiJIUzI1NiJ9.eyJkYXQiOnsiY2xpZW50X2lkIjoiYmE5NDQ3YTdlMWVkZWJmNDJjZDJkOWI1NGNjNmRhNzgiLCJ1c2VyX2lkIjoyOTE1NDc2MiwiYWNjb3VudF9pZCI6NzI3MTg2Mywic2x1ZyI6ImFwcHNkZW1vcyIsImFwcF9pZCI6MTA0MDY0MzAsImFwcF92ZXJzaW9uX2lkIjoxMDc5Njc4NywiaW5zdGFsbF9pZCI6MTE1NTM4MjUsImlzX2FkbWluIjp0cnVlLCJpc192aWV3X29ubHkiOmZhbHNlLCJpc19ndWVzdCI6ZmFsc2UsInVzZXJfa2luZCI6ImFkbWluIn0sImV4cCI6MTc0ODQyMzMxMX0.PIHSIAeObx8rh15xwq-4lJDCcmLgQuImy_E6XM9YCpE" host=image-resizer-app-2024-a35abaeeab93.herokuapp.com request_id=7fe44a8c-233e-4f61-83b9-d58f5af003fd fwd="213.6.104.82" dyno=web.1 connect=0ms service=7ms status=304 bytes=291 protocol=https
2025-05-27T09:08:41.563391+00:00 heroku[router]: at=info method=GET path="/static/css/main.1990403b.css" host=image-resizer-app-2024-a35abaeeab93.herokuapp.com request_id=4dbaca47-24f0-4dbc-8251-10d32ffcdacd fwd="213.6.104.82" dyno=web.1 connect=0ms service=1ms status=304 bytes=292 protocol=https
2025-05-27T09:08:41.566407+00:00 heroku[router]: at=info method=GET path="/static/js/main.b4dc5273.js" host=image-resizer-app-2024-a35abaeeab93.herokuapp.com request_id=854887ee-0c05-4c7a-87a2-bd948c14d876 fwd="213.6.104.82" dyno=web.1 connect=0ms service=1ms status=304 bytes=293 protocol=https
2025-05-27T09:09:56.694280+00:00 heroku[router]: at=info method=GET path="/" host=image-resizer-app-2024-a35abaeeab93.herokuapp.com request_id=75ee196f-3ce0-467e-ae04-89bb420c03ef fwd="213.6.104.82" dyno=web.1 connect=0ms service=2ms status=200 bytes=986 protocol=https
2025-05-27T09:09:56.948914+00:00 heroku[router]: at=info method=GET path="/static/js/main.b4dc5273.js" host=image-resizer-app-2024-a35abaeeab93.herokuapp.com request_id=bc068255-a59a-472b-9f52-b7ffe312a7bc fwd="213.6.104.82" dyno=web.1 connect=0ms service=3ms status=200 bytes=172688 protocol=https
2025-05-27T09:09:56.962404+00:00 heroku[router]: at=info method=GET path="/static/css/main.1990403b.css" host=image-resizer-app-2024-a35abaeeab93.herokuapp.com request_id=e3f782ad-73c8-45dc-ba68-07e43f87ab1d fwd="213.6.104.82" dyno=web.1 connect=0ms service=1ms status=200 bytes=7977 protocol=https
2025-05-27T09:09:58.340933+00:00 heroku[router]: at=info method=GET path="/manifest.json" host=image-resizer-app-2024-a35abaeeab93.herokuapp.com request_id=48782e09-4a50-4111-8cbe-0d85283398de fwd="213.6.104.82" dyno=web.1 connect=0ms service=2ms status=200 bytes=841 protocol=https
2025-05-27T09:09:58.499739+00:00 heroku[router]: at=info method=GET path="/logo192.png" host=image-resizer-app-2024-a35abaeeab93.herokuapp.com request_id=78f494b3-8679-43b4-8f83-85e22d4a9c15 fwd="213.6.104.82" dyno=web.1 connect=0ms service=3ms status=200 bytes=5676 protocol=https
2025-05-27T09:12:54.319958+00:00 heroku[router]: at=info method=GET path="/?boardId=9227336842&itemId=9227336848&itemViewId=131286681&sessionToken=eyJhbGciOiJIUzI1NiJ9.eyJkYXQiOnsiY2xpZW50X2lkIjoiYmE5NDQ3YTdlMWVkZWJmNDJjZDJkOWI1NGNjNmRhNzgiLCJ1c2VyX2lkIjoyOTE1NDc2MiwiYWNjb3VudF9pZCI6NzI3MTg2Mywic2x1ZyI6ImFwcHNkZW1vcyIsImFwcF9pZCI6MTA0MDY0MzAsImFwcF92ZXJzaW9uX2lkIjoxMDc5Njc4NywiaW5zdGFsbF9pZCI6MTE1NTM4MjUsImlzX2FkbWluIjp0cnVlLCJpc192aWV3X29ubHkiOmZhbHNlLCJpc19ndWVzdCI6ZmFsc2UsInVzZXJfa2luZCI6ImFkbWluIn0sImV4cCI6MTc0ODQyMzMxMX0.PIHSIAeObx8rh15xwq-4lJDCcmLgQuImy_E6XM9YCpE" host=image-resizer-app-2024-a35abaeeab93.herokuapp.com request_id=f2859bb4-d461-4f50-a44b-5a52ce70e9f9 fwd="213.6.104.82" dyno=web.1 connect=0ms service=1ms status=304 bytes=291 protocol=https
2025-05-27T09:12:54.496032+00:00 heroku[router]: at=info method=GET path="/static/js/main.b4dc5273.js" host=image-resizer-app-2024-a35abaeeab93.herokuapp.com request_id=0a990a5b-3d7d-47ab-a01d-d6de99909cd5 fwd="213.6.104.82" dyno=web.1 connect=0ms service=1ms status=304 bytes=293 protocol=https
2025-05-27T09:12:54.653665+00:00 heroku[router]: at=info method=GET path="/static/css/main.1990403b.css" host=image-resizer-app-2024-a35abaeeab93.herokuapp.com request_id=38756c50-4a1b-452e-ac4e-fba125a324da fwd="213.6.104.82" dyno=web.1 connect=0ms service=1ms status=304 bytes=292 protocol=https
2025-05-27T09:12:59.020923+00:00 heroku[router]: at=info method=GET path="/static/css/main.1990403b.css" host=image-resizer-app-2024-a35abaeeab93.herokuapp.com request_id=062229ae-71b1-4bb0-aa73-71ae20dd4b60 fwd="213.6.104.82" dyno=web.1 connect=0ms service=1ms status=304 bytes=292 protocol=https
2025-05-27T09:12:59.294426+00:00 heroku[router]: at=info method=GET path="/static/js/main.b4dc5273.js.map" host=image-resizer-app-2024-a35abaeeab93.herokuapp.com request_id=16283d9e-4645-4072-9bc6-f8c6d719d8e2 fwd="213.6.104.82" dyno=web.1 connect=0ms service=5ms status=200 bytes=446430 protocol=https
2025-05-27T09:12:59.560860+00:00 heroku[router]: at=info method=GET path="/manifest.json" host=image-resizer-app-2024-a35abaeeab93.herokuapp.com request_id=0a16fbd1-b3b8-4310-9b96-914026529455 fwd="213.6.104.82" dyno=web.1 connect=0ms service=2ms status=200 bytes=841 protocol=https
2025-05-27T09:12:59.728917+00:00 heroku[router]: at=info method=GET path="/static/css/main.1990403b.css.map" host=image-resizer-app-2024-a35abaeeab93.herokuapp.com request_id=0bde9423-aacb-4aab-9778-011f6e3ac6dd fwd="213.6.104.82" dyno=web.1 connect=0ms service=2ms status=200 bytes=13501 protocol=https
2025-05-27T09:13:08.572763+00:00 heroku[router]: at=info method=GET path="/?boardId=9227336842&itemId=9227336848&itemViewId=131286681&sessionToken=eyJhbGciOiJIUzI1NiJ9.eyJkYXQiOnsiY2xpZW50X2lkIjoiYmE5NDQ3YTdlMWVkZWJmNDJjZDJkOWI1NGNjNmRhNzgiLCJ1c2VyX2lkIjoyOTE1NDc2MiwiYWNjb3VudF9pZCI6NzI3MTg2Mywic2x1ZyI6ImFwcHNkZW1vcyIsImFwcF9pZCI6MTA0MDY0MzAsImFwcF92ZXJzaW9uX2lkIjoxMDc5Njc4NywiaW5zdGFsbF9pZCI6MTE1NTM4MjUsImlzX2FkbWluIjp0cnVlLCJpc192aWV3X29ubHkiOmZhbHNlLCJpc19ndWVzdCI6ZmFsc2UsInVzZXJfa2luZCI6ImFkbWluIn0sImV4cCI6MTc0ODQyMzMxMX0.PIHSIAeObx8rh15xwq-4lJDCcmLgQuImy_E6XM9YCpE" host=image-resizer-app-2024-a35abaeeab93.herokuapp.com request_id=1b8c31d6-f33f-4317-85e4-b56741d0cceb fwd="213.6.104.82" dyno=web.1 connect=0ms service=2ms status=304 bytes=291 protocol=https
2025-05-27T09:13:08.807684+00:00 heroku[router]: at=info method=GET path="/static/js/main.b4dc5273.js" host=image-resizer-app-2024-a35abaeeab93.herokuapp.com request_id=de9f63a2-b9ec-43aa-a7be-34840f4d2aad fwd="213.6.104.82" dyno=web.1 connect=0ms service=1ms status=304 bytes=293 protocol=https
2025-05-27T09:13:08.957400+00:00 heroku[router]: at=info method=GET path="/static/css/main.1990403b.css" host=image-resizer-app-2024-a35abaeeab93.herokuapp.com request_id=5c669aa1-152c-4b75-9e2b-9965f2bba0b7 fwd="213.6.104.82" dyno=web.1 connect=0ms service=1ms status=304 bytes=292 protocol=https
2025-05-27T09:13:09.253751+00:00 heroku[router]: at=info method=GET path="/static/js/main.b4dc5273.js.map" host=image-resizer-app-2024-a35abaeeab93.herokuapp.com request_id=7a838d09-2bc3-4a02-92a9-34ef0fbddefa fwd="213.6.104.82" dyno=web.1 connect=0ms service=1ms status=304 bytes=293 protocol=https
2025-05-27T09:13:09.262141+00:00 heroku[router]: at=info method=GET path="/static/css/main.1990403b.css.map" host=image-resizer-app-2024-a35abaeeab93.herokuapp.com request_id=595da7eb-076c-426f-b77b-0d9fc12bc1a0 fwd="213.6.104.82" dyno=web.1 connect=0ms service=1ms status=304 bytes=292 protocol=https
2025-05-27T09:13:22.775923+00:00 app[web.1]: Received resize request
2025-05-27T09:13:22.777848+00:00 app[web.1]: Processing image with settings: {
2025-05-27T09:13:22.777849+00:00 app[web.1]: width: 800,
2025-05-27T09:13:22.777849+00:00 app[web.1]: height: 800,
2025-05-27T09:13:22.777850+00:00 app[web.1]: resizeMode: 'custom',
2025-05-27T09:13:22.777850+00:00 app[web.1]: squareMode: 'crop',
2025-05-27T09:13:22.777850+00:00 app[web.1]: padColor: 'white',
2025-05-27T09:13:22.777851+00:00 app[web.1]: cropPosition: 'center'
2025-05-27T09:13:22.777851+00:00 app[web.1]: }
2025-05-27T09:13:22.777888+00:00 app[web.1]: Downloading image from: https://files-monday-com.s3.amazonaws.com/7271863/resources/2165083990/appserve%20developer%20Icon%20.png?response-content-disposition=attachment&X-Amz-Algorithm=AWS4-HMAC-SHA256&X-Amz-Credential=AKIA4MPVJMFXJ4YPAV7U%2F20250527%2Fus-east-1%2Fs3%2Faws4_request&X-Amz-Date=20250527T091322Z&X-Amz-Expires=3600&X-Amz-SignedHeaders=host&X-Amz-Signature=d124221b4cd44f1eca6c958c54ec248ef0f6186dd4ee10c7cb58165aa522141f
2025-05-27T09:13:22.777971+00:00 app[web.1]: Starting file download process...
2025-05-27T09:13:22.842370+00:00 app[web.1]: Direct download failed, trying without auth headers...
2025-05-27T09:13:22.872944+00:00 app[web.1]: Original buffer size: 7518
2025-05-27T09:13:22.907847+00:00 app[web.1]: Input image metadata: {
2025-05-27T09:13:22.907848+00:00 app[web.1]: format: 'png',
2025-05-27T09:13:22.907848+00:00 app[web.1]: size: 7518,
2025-05-27T09:13:22.907849+00:00 app[web.1]: width: 192,
2025-05-27T09:13:22.907849+00:00 app[web.1]: height: 192,
2025-05-27T09:13:22.907849+00:00 app[web.1]: space: 'srgb',
2025-05-27T09:13:22.907849+00:00 app[web.1]: channels: 4,
2025-05-27T09:13:22.907849+00:00 app[web.1]: depth: 'uchar',
2025-05-27T09:13:22.907849+00:00 app[web.1]: density: 96,
2025-05-27T09:13:22.907850+00:00 app[web.1]: isProgressive: false,
2025-05-27T09:13:22.907850+00:00 app[web.1]: isPalette: false,
2025-05-27T09:13:22.907850+00:00 app[web.1]: bitsPerSample: 8,
2025-05-27T09:13:22.907850+00:00 app[web.1]: hasProfile: false,
2025-05-27T09:13:22.907851+00:00 app[web.1]: hasAlpha: true,
2025-05-27T09:13:22.907851+00:00 app[web.1]: autoOrient: { width: 192, height: 192 },
2025-05-27T09:13:22.907865+00:00 app[web.1]: xmp: <Buffer 3c 3f 78 70 61 63 6b 65 74 20 62 65 67 69 6e 3d 27 ef bb bf 27 20 69 64 3d 27 57 35 4d 30 4d 70 43 65 68 69 48 7a 72 65 53 7a 4e 54 63 7a 6b 63 39 64 ... 1152 more bytes>
2025-05-27T09:13:22.907865+00:00 app[web.1]: }
2025-05-27T09:13:23.029234+00:00 app[web.1]: Final image metadata: {
2025-05-27T09:13:23.029242+00:00 app[web.1]: format: 'jpeg',
2025-05-27T09:13:23.029243+00:00 app[web.1]: width: 800,
2025-05-27T09:13:23.029243+00:00 app[web.1]: height: 800,
2025-05-27T09:13:23.029243+00:00 app[web.1]: space: 'srgb',
2025-05-27T09:13:23.029243+00:00 app[web.1]: channels: 3,
2025-05-27T09:13:23.029243+00:00 app[web.1]: depth: 'uchar',
2025-05-27T09:13:23.029244+00:00 app[web.1]: density: 96,
2025-05-27T09:13:23.029244+00:00 app[web.1]: size: 22170
2025-05-27T09:13:23.029244+00:00 app[web.1]: }
2025-05-27T09:13:23.031120+00:00 heroku[router]: at=info method=POST path="/resize-image" host=image-resizer-app-2024-a35abaeeab93.herokuapp.com request_id=aed9fccf-0b4f-43c5-9895-06454d39183b fwd="213.6.104.82" dyno=web.1 connect=0ms service=274ms status=200 bytes=22610 protocol=https
2025-05-27T09:18:55.846130+00:00 heroku[router]: at=info method=HEAD path="/" host=image-resizer-app-2024-a35abaeeab93.herokuapp.com request_id=03eab1d3-35f5-4816-b264-5eff229e0737 fwd="213.6.104.82" dyno=web.1 connect=0ms service=1ms status=200 bytes=342 protocol=https
2025-05-27T09:20:22.765089+00:00 heroku[router]: at=info method=HEAD path="/" host=image-resizer-app-2024-a35abaeeab93.herokuapp.com request_id=10d9040a-8cbc-4363-883e-2fec94105eb3 fwd="213.6.104.82" dyno=web.1 connect=0ms service=1ms status=200 bytes=342 protocol=https
2025-05-27T09:22:34.591868+00:00 heroku[router]: at=info method=GET path="/privacy" host=image-resizer-app-2024-a35abaeeab93.herokuapp.com request_id=6a6b8f4f-fd87-467c-8057-19f554c0e6f7 fwd="213.6.104.82" dyno=web.1 connect=0ms service=3ms status=200 bytes=4219 protocol=https
2025-05-27T09:22:53.151048+00:00 heroku[router]: at=info method=GET path="/privacy" host=image-resizer-app-2024-a35abaeeab93.herokuapp.com request_id=2a30a16f-9917-424e-abce-d576e32e1be7 fwd="213.6.104.82" dyno=web.1 connect=0ms service=2ms status=304 bytes=364 protocol=https
2025-05-27T09:23:05.671334+00:00 heroku[router]: at=info method=GET path="/terms" host=image-resizer-app-2024-a35abaeeab93.herokuapp.com request_id=652af87f-0779-4d2b-a93a-2cdc204e17f6 fwd="213.6.104.82" dyno=web.1 connect=0ms service=3ms status=200 bytes=4267 protocol=https
2025-05-27T09:23:30.686815+00:00 heroku[router]: at=info method=GET path="/how-to-use.html" host=image-resizer-app-2024-a35abaeeab93.herokuapp.com request_id=5b2ef469-4bc5-4047-89cf-2b3bdb9ca1c6 fwd="213.6.104.82" dyno=web.1 connect=0ms service=2ms status=200 bytes=4056 protocol=https
2025-05-27T09:23:38.001368+00:00 heroku[router]: at=info method=GET path="/how-to-use.html" host=image-resizer-app-2024-a35abaeeab93.herokuapp.com request_id=e0a04b2c-805b-45cb-9fda-b6d9e0da6bf8 fwd="213.6.104.82" dyno=web.1 connect=0ms service=1ms status=200 bytes=4056 protocol=https
2025-05-27T09:23:40.711056+00:00 heroku[router]: at=info method=GET path="/how-to-use.html" host=image-resizer-app-2024-a35abaeeab93.herokuapp.com request_id=ab7a5a37-ecad-400a-8980-ba8c40a67194 fwd="213.6.104.82" dyno=web.1 connect=0ms service=1ms status=304 bytes=291 protocol=https
2025-05-27T09:24:45.322557+00:00 heroku[router]: at=info method=GET path="/how-to-use.html" host=image-resizer-app-2024-a35abaeeab93.herokuapp.com request_id=59cd1b56-b5a8-4328-8cc7-749a18b0452a fwd="213.6.104.82" dyno=web.1 connect=0ms service=1ms status=304 bytes=291 protocol=https
2025-05-27T09:26:25.523878+00:00 heroku[router]: at=info method=GET path="/?boardId=9227336842&itemId=9227336848&itemViewId=131286681&sessionToken=eyJhbGciOiJIUzI1NiJ9.eyJkYXQiOnsiY2xpZW50X2lkIjoiYmE5NDQ3YTdlMWVkZWJmNDJjZDJkOWI1NGNjNmRhNzgiLCJ1c2VyX2lkIjozMDU0MjQzNCwiYWNjb3VudF9pZCI6NzI3MTg2Mywic2x1ZyI6ImFwcHNkZW1vcyIsImFwcF9pZCI6MTA0MDY0MzAsImFwcF92ZXJzaW9uX2lkIjoxMDc5Njc4NywiaW5zdGFsbF9pZCI6MTE1NTM4MjUsImlzX2FkbWluIjpmYWxzZSwiaXNfdmlld19vbmx5Ijp0cnVlLCJpc19ndWVzdCI6ZmFsc2UsInVzZXJfa2luZCI6InZpZXdfb25seSJ9LCJleHAiOjE3NDgyNTU2NTB9.NNhSXmxv2RC7yHfTni3JVPZhBZRvOGrNoVMXNt1tT_k" host=image-resizer-app-2024-a35abaeeab93.herokuapp.com request_id=503d6281-53c0-4c59-87d7-3a63482b5dd0 fwd="213.6.104.82" dyno=web.1 connect=0ms service=2ms status=200 bytes=986 protocol=https
2025-05-27T09:26:25.772268+00:00 heroku[router]: at=info method=GET path="/static/js/main.b4dc5273.js" host=image-resizer-app-2024-a35abaeeab93.herokuapp.com request_id=468bc734-db8c-4cd4-a1af-255891639bd8 fwd="213.6.104.82" dyno=web.1 connect=0ms service=2ms status=200 bytes=172688 protocol=https
2025-05-27T09:26:26.401999+00:00 heroku[router]: at=info method=GET path="/?boardId=9227336842&itemId=9227336848&itemViewId=131286681&sessionToken=eyJhbGciOiJIUzI1NiJ9.eyJkYXQiOnsiY2xpZW50X2lkIjoiYmE5NDQ3YTdlMWVkZWJmNDJjZDJkOWI1NGNjNmRhNzgiLCJ1c2VyX2lkIjozMDU0MjQzNCwiYWNjb3VudF9pZCI6NzI3MTg2Mywic2x1ZyI6ImFwcHNkZW1vcyIsImFwcF9pZCI6MTA0MDY0MzAsImFwcF92ZXJzaW9uX2lkIjoxMDc5Njc4NywiaW5zdGFsbF9pZCI6MTE1NTM4MjUsImlzX2FkbWluIjpmYWxzZSwiaXNfdmlld19vbmx5Ijp0cnVlLCJpc19ndWVzdCI6ZmFsc2UsInVzZXJfa2luZCI6InZpZXdfb25seSJ9LCJleHAiOjE3NDg0MjQzODV9.50hZ4iuDX9Ud2G-KiQnGpP7EoaU65iMy4z1JJ6QXSlA" host=image-resizer-app-2024-a35abaeeab93.herokuapp.com request_id=2a270911-49a5-483a-b937-d9aa2eb86572 fwd="213.6.104.82" dyno=web.1 connect=0ms service=2ms status=200 bytes=986 protocol=https
2025-05-27T09:26:26.563709+00:00 heroku[router]: at=info method=GET path="/static/js/main.b4dc5273.js" host=image-resizer-app-2024-a35abaeeab93.herokuapp.com request_id=61024e03-3496-44b9-a002-fad6a30458b8 fwd="213.6.104.82" dyno=web.1 connect=0ms service=3ms status=200 bytes=172688 protocol=https
2025-05-27T09:26:26.855833+00:00 heroku[router]: at=info method=GET path="/static/css/main.1990403b.css" host=image-resizer-app-2024-a35abaeeab93.herokuapp.com request_id=9956f6e4-8546-453c-8fa9-7c77a62c7f30 fwd="213.6.104.82" dyno=web.1 connect=0ms service=1ms status=200 bytes=7977 protocol=https
2025-05-27T09:26:31.782044+00:00 heroku[router]: at=info method=GET path="/?boardId=9227336842&itemId=9227336848&itemViewId=131286681&sessionToken=eyJhbGciOiJIUzI1NiJ9.eyJkYXQiOnsiY2xpZW50X2lkIjoiYmE5NDQ3YTdlMWVkZWJmNDJjZDJkOWI1NGNjNmRhNzgiLCJ1c2VyX2lkIjozMDU0MjQzNCwiYWNjb3VudF9pZCI6NzI3MTg2Mywic2x1ZyI6ImFwcHNkZW1vcyIsImFwcF9pZCI6MTA0MDY0MzAsImFwcF92ZXJzaW9uX2lkIjoxMDc5Njc4NywiaW5zdGFsbF9pZCI6MTE1NTM4MjUsImlzX2FkbWluIjpmYWxzZSwiaXNfdmlld19vbmx5Ijp0cnVlLCJpc19ndWVzdCI6ZmFsc2UsInVzZXJfa2luZCI6InZpZXdfb25seSJ9LCJleHAiOjE3NDg0MjQzODV9.50hZ4iuDX9Ud2G-KiQnGpP7EoaU65iMy4z1JJ6QXSlA" host=image-resizer-app-2024-a35abaeeab93.herokuapp.com request_id=62ee27d3-508e-431d-b923-d2357d9b6c35 fwd="213.6.104.82" dyno=web.1 connect=0ms service=1ms status=304 bytes=291 protocol=https
2025-05-27T09:26:31.934201+00:00 heroku[router]: at=info method=GET path="/static/js/main.b4dc5273.js" host=image-resizer-app-2024-a35abaeeab93.herokuapp.com request_id=d806c459-04be-407e-989a-3c55acbc9cb8 fwd="213.6.104.82" dyno=web.1 connect=0ms service=1ms status=304 bytes=293 protocol=https
2025-05-27T09:26:31.937234+00:00 heroku[router]: at=info method=GET path="/static/css/main.1990403b.css" host=image-resizer-app-2024-a35abaeeab93.herokuapp.com request_id=5658f167-cfa9-4d6f-8f41-ff3db755b675 fwd="213.6.104.82" dyno=web.1 connect=0ms service=1ms status=304 bytes=292 protocol=https
2025-05-27T09:27:01.046707+00:00 heroku[router]: at=info method=GET path="/?boardId=9227336842&itemId=9227336848&itemViewId=131382698&sessionToken=eyJhbGciOiJIUzI1NiJ9.eyJkYXQiOnsiY2xpZW50X2lkIjoiYmE5NDQ3YTdlMWVkZWJmNDJjZDJkOWI1NGNjNmRhNzgiLCJ1c2VyX2lkIjoyOTE1NDc2MiwiYWNjb3VudF9pZCI6NzI3MTg2Mywic2x1ZyI6ImFwcHNkZW1vcyIsImFwcF9pZCI6MTA0MDY0MzAsImFwcF92ZXJzaW9uX2lkIjoxMDc5Njc4NywiaW5zdGFsbF9pZCI6MTE1NTM4MjUsImlzX2FkbWluIjp0cnVlLCJpc192aWV3X29ubHkiOmZhbHNlLCJpc19ndWVzdCI6ZmFsc2UsInVzZXJfa2luZCI6ImFkbWluIn0sImV4cCI6MTc0ODQyMzMxMX0.PIHSIAeObx8rh15xwq-4lJDCcmLgQuImy_E6XM9YCpE" host=image-resizer-app-2024-a35abaeeab93.herokuapp.com request_id=20d2a2d2-f2e5-4c27-b71e-01c3e5cf4669 fwd="213.6.104.82" dyno=web.1 connect=0ms service=1ms status=200 bytes=986 protocol=https
2025-05-27T09:27:01.219039+00:00 heroku[router]: at=info method=GET path="/static/css/main.1990403b.css" host=image-resizer-app-2024-a35abaeeab93.herokuapp.com request_id=f573a556-7bc3-452c-b8bd-3724a837d17d fwd="213.6.104.82" dyno=web.1 connect=0ms service=1ms status=304 bytes=292 protocol=https
2025-05-27T09:27:01.366550+00:00 heroku[router]: at=info method=GET path="/static/js/main.b4dc5273.js" host=image-resizer-app-2024-a35abaeeab93.herokuapp.com request_id=2c3caca8-8431-453f-9137-3bcd7d40e4bb fwd="213.6.104.82" dyno=web.1 connect=0ms service=1ms status=304 bytes=293 protocol=https
2025-05-27T09:27:05.617462+00:00 heroku[router]: at=info method=GET path="/?boardId=9227336842&itemId=9227336848&itemViewId=131382698&sessionToken=eyJhbGciOiJIUzI1NiJ9.eyJkYXQiOnsiY2xpZW50X2lkIjoiYmE5NDQ3YTdlMWVkZWJmNDJjZDJkOWI1NGNjNmRhNzgiLCJ1c2VyX2lkIjozMDU0MjQzNCwiYWNjb3VudF9pZCI6NzI3MTg2Mywic2x1ZyI6ImFwcHNkZW1vcyIsImFwcF9pZCI6MTA0MDY0MzAsImFwcF92ZXJzaW9uX2lkIjoxMDc5Njc4NywiaW5zdGFsbF9pZCI6MTE1NTM4MjUsImlzX2FkbWluIjpmYWxzZSwiaXNfdmlld19vbmx5Ijp0cnVlLCJpc19ndWVzdCI6ZmFsc2UsInVzZXJfa2luZCI6InZpZXdfb25seSJ9LCJleHAiOjE3NDg0MjQzODV9.50hZ4iuDX9Ud2G-KiQnGpP7EoaU65iMy4z1JJ6QXSlA" host=image-resizer-app-2024-a35abaeeab93.herokuapp.com request_id=20e0f220-ff9d-441f-acf2-3e342f895b58 fwd="213.6.104.82" dyno=web.1 connect=0ms service=1ms status=200 bytes=986 protocol=https
2025-05-27T09:27:05.814526+00:00 heroku[router]: at=info method=GET path="/static/js/main.b4dc5273.js" host=image-resizer-app-2024-a35abaeeab93.herokuapp.com request_id=00d8b0e3-1fb0-4199-999d-f41db6d25472 fwd="213.6.104.82" dyno=web.1 connect=0ms service=1ms status=304 bytes=293 protocol=https
2025-05-27T09:27:05.819019+00:00 heroku[router]: at=info method=GET path="/static/css/main.1990403b.css" host=image-resizer-app-2024-a35abaeeab93.herokuapp.com request_id=5002d60a-9f3e-412e-87ed-0b88a2390f72 fwd="213.6.104.82" dyno=web.1 connect=2ms service=1ms status=304 bytes=292 protocol=https
2025-05-27T09:30:10.212379+00:00 app[web.1]: Received resize request
2025-05-27T09:30:10.212748+00:00 app[web.1]: Processing image with settings: {
2025-05-27T09:30:10.212749+00:00 app[web.1]: width: 800,
2025-05-27T09:30:10.212750+00:00 app[web.1]: height: 800,
2025-05-27T09:30:10.212750+00:00 app[web.1]: resizeMode: 'square',
2025-05-27T09:30:10.212750+00:00 app[web.1]: squareMode: 'crop',
2025-05-27T09:30:10.212750+00:00 app[web.1]: padColor: 'white',
2025-05-27T09:30:10.212750+00:00 app[web.1]: cropPosition: 'top'
2025-05-27T09:30:10.212751+00:00 app[web.1]: }
2025-05-27T09:30:10.212778+00:00 app[web.1]: Downloading image from: https://files-monday-com.s3.amazonaws.com/7271863/resources/2165109833/port.jpg?response-content-disposition=attachment&X-Amz-Algorithm=AWS4-HMAC-SHA256&X-Amz-Credential=AKIA4MPVJMFXJ4YPAV7U%2F20250527%2Fus-east-1%2Fs3%2Faws4_request&X-Amz-Date=20250527T093009Z&X-Amz-Expires=3600&X-Amz-SignedHeaders=host&X-Amz-Signature=df2511392fabe581c89ec71af330ec69e18ee2dcd7b54ab1d53505d658e7b3bd
2025-05-27T09:30:10.212790+00:00 app[web.1]: Starting file download process...
2025-05-27T09:30:10.222213+00:00 app[web.1]: Direct download failed, trying without auth headers...
2025-05-27T09:30:10.281657+00:00 app[web.1]: Original buffer size: 6659
2025-05-27T09:30:10.282503+00:00 app[web.1]: Input image metadata: {
2025-05-27T09:30:10.282504+00:00 app[web.1]: format: 'jpeg',
2025-05-27T09:30:10.282504+00:00 app[web.1]: size: 6659,
2025-05-27T09:30:10.282504+00:00 app[web.1]: width: 183,
2025-05-27T09:30:10.282505+00:00 app[web.1]: height: 275,
2025-05-27T09:30:10.282505+00:00 app[web.1]: space: 'srgb',
2025-05-27T09:30:10.282514+00:00 app[web.1]: channels: 3,
2025-05-27T09:30:10.282514+00:00 app[web.1]: depth: 'uchar',
2025-05-27T09:30:10.282515+00:00 app[web.1]: density: 72,
2025-05-27T09:30:10.282515+00:00 app[web.1]: chromaSubsampling: '4:2:0',
2025-05-27T09:30:10.282515+00:00 app[web.1]: isProgressive: false,
2025-05-27T09:30:10.282515+00:00 app[web.1]: isPalette: false,
2025-05-27T09:30:10.282516+00:00 app[web.1]: hasProfile: false,
2025-05-27T09:30:10.282516+00:00 app[web.1]: hasAlpha: false,
2025-05-27T09:30:10.282517+00:00 app[web.1]: autoOrient: { width: 183, height: 275 }
2025-05-27T09:30:10.282517+00:00 app[web.1]: }
2025-05-27T09:30:10.416904+00:00 app[web.1]: Final image metadata: {
2025-05-27T09:30:10.416906+00:00 app[web.1]: format: 'jpeg',
2025-05-27T09:30:10.416906+00:00 app[web.1]: width: 800,
2025-05-27T09:30:10.416907+00:00 app[web.1]: height: 800,
2025-05-27T09:30:10.416907+00:00 app[web.1]: space: 'srgb',
2025-05-27T09:30:10.416907+00:00 app[web.1]: channels: 3,
2025-05-27T09:30:10.416907+00:00 app[web.1]: depth: 'uchar',
2025-05-27T09:30:10.416908+00:00 app[web.1]: density: 72,
2025-05-27T09:30:10.416908+00:00 app[web.1]: size: 84747
2025-05-27T09:30:10.416908+00:00 app[web.1]: }
2025-05-27T09:30:10.419104+00:00 heroku[router]: at=info method=POST path="/resize-image" host=image-resizer-app-2024-a35abaeeab93.herokuapp.com request_id=9e83ed11-2f77-42f6-ab42-63fb2c656842 fwd="213.6.104.82" dyno=web.1 connect=0ms service=208ms status=200 bytes=85188 protocol=https
2025-05-27T09:30:23.326068+00:00 app[web.1]: Received resize request
2025-05-27T09:30:23.326144+00:00 app[web.1]: Processing image with settings: {
2025-05-27T09:30:23.326146+00:00 app[web.1]: width: 800,
2025-05-27T09:30:23.326146+00:00 app[web.1]: height: 800,
2025-05-27T09:30:23.326146+00:00 app[web.1]: resizeMode: 'square',
2025-05-27T09:30:23.326146+00:00 app[web.1]: squareMode: 'crop',
2025-05-27T09:30:23.326146+00:00 app[web.1]: padColor: 'white',
2025-05-27T09:30:23.326147+00:00 app[web.1]: cropPosition: 'bottom'
2025-05-27T09:30:23.326147+00:00 app[web.1]: }
2025-05-27T09:30:23.326160+00:00 app[web.1]: Downloading image from: https://files-monday-com.s3.amazonaws.com/7271863/resources/2165109833/port.jpg?response-content-disposition=attachment&X-Amz-Algorithm=AWS4-HMAC-SHA256&X-Amz-Credential=AKIA4MPVJMFXJ4YPAV7U%2F20250527%2Fus-east-1%2Fs3%2Faws4_request&X-Amz-Date=20250527T093023Z&X-Amz-Expires=3600&X-Amz-SignedHeaders=host&X-Amz-Signature=f6ed69fa3a629a70b332068c254bedb0bf4548cd6af28e7827ba0d8ba859d14c
2025-05-27T09:30:23.326161+00:00 app[web.1]: Starting file download process...
2025-05-27T09:30:23.335062+00:00 app[web.1]: Direct download failed, trying without auth headers...
2025-05-27T09:30:23.367350+00:00 app[web.1]: Original buffer size: 6659
2025-05-27T09:30:23.368220+00:00 app[web.1]: Input image metadata: {
2025-05-27T09:30:23.368221+00:00 app[web.1]: format: 'jpeg',
2025-05-27T09:30:23.368221+00:00 app[web.1]: size: 6659,
2025-05-27T09:30:23.368222+00:00 app[web.1]: width: 183,
2025-05-27T09:30:23.368222+00:00 app[web.1]: height: 275,
2025-05-27T09:30:23.368222+00:00 app[web.1]: space: 'srgb',
2025-05-27T09:30:23.368222+00:00 app[web.1]: channels: 3,
2025-05-27T09:30:23.368222+00:00 app[web.1]: depth: 'uchar',
2025-05-27T09:30:23.368223+00:00 app[web.1]: density: 72,
2025-05-27T09:30:23.368223+00:00 app[web.1]: chromaSubsampling: '4:2:0',
2025-05-27T09:30:23.368223+00:00 app[web.1]: isProgressive: false,
2025-05-27T09:30:23.368223+00:00 app[web.1]: isPalette: false,
2025-05-27T09:30:23.368223+00:00 app[web.1]: hasProfile: false,
2025-05-27T09:30:23.368224+00:00 app[web.1]: hasAlpha: false,
2025-05-27T09:30:23.368224+00:00 app[web.1]: autoOrient: { width: 183, height: 275 }
2025-05-27T09:30:23.368224+00:00 app[web.1]: }
2025-05-27T09:30:23.492975+00:00 app[web.1]: Final image metadata: {
2025-05-27T09:30:23.492976+00:00 app[web.1]: format: 'jpeg',
2025-05-27T09:30:23.492977+00:00 app[web.1]: width: 800,
2025-05-27T09:30:23.492978+00:00 app[web.1]: height: 800,
2025-05-27T09:30:23.492978+00:00 app[web.1]: space: 'srgb',
2025-05-27T09:30:23.492978+00:00 app[web.1]: channels: 3,
2025-05-27T09:30:23.492979+00:00 app[web.1]: depth: 'uchar',
2025-05-27T09:30:23.492979+00:00 app[web.1]: density: 72,
2025-05-27T09:30:23.492979+00:00 app[web.1]: size: 104264
2025-05-27T09:30:23.492979+00:00 app[web.1]: }
2025-05-27T09:30:23.495390+00:00 heroku[router]: at=info method=POST path="/resize-image" host=image-resizer-app-2024-a35abaeeab93.herokuapp.com request_id=709edf61-824e-42b2-9f30-4dfaeb6e6e8b fwd="213.6.104.82" dyno=web.1 connect=0ms service=170ms status=200 bytes=104706 protocol=https
2025-05-27T09:30:36.248751+00:00 app[web.1]: Received resize request
2025-05-27T09:30:36.248943+00:00 app[web.1]: Processing image with settings: {
2025-05-27T09:30:36.248944+00:00 app[web.1]: width: 800,
2025-05-27T09:30:36.248944+00:00 app[web.1]: height: 800,
2025-05-27T09:30:36.248944+00:00 app[web.1]: resizeMode: 'square',
2025-05-27T09:30:36.248944+00:00 app[web.1]: squareMode: 'crop',
2025-05-27T09:30:36.248945+00:00 app[web.1]: padColor: 'white',
2025-05-27T09:30:36.248945+00:00 app[web.1]: cropPosition: 'center'
2025-05-27T09:30:36.248945+00:00 app[web.1]: }
2025-05-27T09:30:36.248963+00:00 app[web.1]: Downloading image from: https://files-monday-com.s3.amazonaws.com/7271863/resources/2165109833/port.jpg?response-content-disposition=attachment&X-Amz-Algorithm=AWS4-HMAC-SHA256&X-Amz-Credential=AKIA4MPVJMFXJ4YPAV7U%2F20250527%2Fus-east-1%2Fs3%2Faws4_request&X-Amz-Date=20250527T093035Z&X-Amz-Expires=3600&X-Amz-SignedHeaders=host&X-Amz-Signature=37f453d1d59f669e1bafd51a732245a08c46e0f36701cc1f9d595ebc4734d457
2025-05-27T09:30:36.248977+00:00 app[web.1]: Starting file download process...
2025-05-27T09:30:36.260239+00:00 app[web.1]: Direct download failed, trying without auth headers...
2025-05-27T09:30:36.294352+00:00 app[web.1]: Original buffer size: 6659
2025-05-27T09:30:36.295084+00:00 app[web.1]: Input image metadata: {
2025-05-27T09:30:36.295084+00:00 app[web.1]: format: 'jpeg',
2025-05-27T09:30:36.295084+00:00 app[web.1]: size: 6659,
2025-05-27T09:30:36.295085+00:00 app[web.1]: width: 183,
2025-05-27T09:30:36.295085+00:00 app[web.1]: height: 275,
2025-05-27T09:30:36.295085+00:00 app[web.1]: space: 'srgb',
2025-05-27T09:30:36.295085+00:00 app[web.1]: channels: 3,
2025-05-27T09:30:36.295086+00:00 app[web.1]: depth: 'uchar',
2025-05-27T09:30:36.295086+00:00 app[web.1]: density: 72,
2025-05-27T09:30:36.295086+00:00 app[web.1]: chromaSubsampling: '4:2:0',
2025-05-27T09:30:36.295086+00:00 app[web.1]: isProgressive: false,
2025-05-27T09:30:36.295086+00:00 app[web.1]: isPalette: false,
2025-05-27T09:30:36.295086+00:00 app[web.1]: hasProfile: false,
2025-05-27T09:30:36.295087+00:00 app[web.1]: hasAlpha: false,
2025-05-27T09:30:36.295087+00:00 app[web.1]: autoOrient: { width: 183, height: 275 }
2025-05-27T09:30:36.295088+00:00 app[web.1]: }
2025-05-27T09:30:36.418231+00:00 app[web.1]: Final image metadata: {
2025-05-27T09:30:36.418232+00:00 app[web.1]: format: 'jpeg',
2025-05-27T09:30:36.418233+00:00 app[web.1]: width: 800,
2025-05-27T09:30:36.418233+00:00 app[web.1]: height: 800,
2025-05-27T09:30:36.418233+00:00 app[web.1]: space: 'srgb',
2025-05-27T09:30:36.418233+00:00 app[web.1]: channels: 3,
2025-05-27T09:30:36.418234+00:00 app[web.1]: depth: 'uchar',
2025-05-27T09:30:36.418234+00:00 app[web.1]: density: 72,
2025-05-27T09:30:36.418234+00:00 app[web.1]: size: 98570
2025-05-27T09:30:36.418234+00:00 app[web.1]: }
2025-05-27T09:30:36.420165+00:00 heroku[router]: at=info method=POST path="/resize-image" host=image-resizer-app-2024-a35abaeeab93.herokuapp.com request_id=8df75f31-efdb-4d2e-963a-4f8bb89c5ce9 fwd="213.6.104.82" dyno=web.1 connect=0ms service=172ms status=200 bytes=99011 protocol=https
2025-05-27T09:31:23.151214+00:00 app[web.1]: Received resize request
2025-05-27T09:31:23.151298+00:00 app[web.1]: Processing image with settings: {
2025-05-27T09:31:23.151299+00:00 app[web.1]: width: 800,
2025-05-27T09:31:23.151299+00:00 app[web.1]: height: 800,
2025-05-27T09:31:23.151299+00:00 app[web.1]: resizeMode: 'square',
2025-05-27T09:31:23.151300+00:00 app[web.1]: squareMode: 'pad',
2025-05-27T09:31:23.151300+00:00 app[web.1]: padColor: 'white',
2025-05-27T09:31:23.151301+00:00 app[web.1]: cropPosition: 'center'
2025-05-27T09:31:23.151301+00:00 app[web.1]: }
2025-05-27T09:31:23.151315+00:00 app[web.1]: Downloading image from: https://files-monday-com.s3.amazonaws.com/7271863/resources/2165109833/port.jpg?response-content-disposition=attachment&X-Amz-Algorithm=AWS4-HMAC-SHA256&X-Amz-Credential=AKIA4MPVJMFXJ4YPAV7U%2F20250527%2Fus-east-1%2Fs3%2Faws4_request&X-Amz-Date=20250527T093122Z&X-Amz-Expires=3600&X-Amz-SignedHeaders=host&X-Amz-Signature=745dc4677c2f08904631265c25af66fa6790aeacfbd37a85ccaa31d1024e2ca3
2025-05-27T09:31:23.151328+00:00 app[web.1]: Starting file download process...
2025-05-27T09:31:23.159072+00:00 app[web.1]: Direct download failed, trying without auth headers...
2025-05-27T09:31:23.187984+00:00 app[web.1]: Original buffer size: 6659
2025-05-27T09:31:23.189141+00:00 app[web.1]: Input image metadata: {
2025-05-27T09:31:23.189142+00:00 app[web.1]: format: 'jpeg',
2025-05-27T09:31:23.189142+00:00 app[web.1]: size: 6659,
2025-05-27T09:31:23.189142+00:00 app[web.1]: width: 183,
2025-05-27T09:31:23.189142+00:00 app[web.1]: height: 275,
2025-05-27T09:31:23.189143+00:00 app[web.1]: space: 'srgb',
2025-05-27T09:31:23.189143+00:00 app[web.1]: channels: 3,
2025-05-27T09:31:23.189143+00:00 app[web.1]: depth: 'uchar',
2025-05-27T09:31:23.189143+00:00 app[web.1]: density: 72,
2025-05-27T09:31:23.189144+00:00 app[web.1]: chromaSubsampling: '4:2:0',
2025-05-27T09:31:23.189144+00:00 app[web.1]: isProgressive: false,
2025-05-27T09:31:23.189144+00:00 app[web.1]: isPalette: false,
2025-05-27T09:31:23.189144+00:00 app[web.1]: hasProfile: false,
2025-05-27T09:31:23.189144+00:00 app[web.1]: hasAlpha: false,
2025-05-27T09:31:23.189145+00:00 app[web.1]: autoOrient: { width: 183, height: 275 }
2025-05-27T09:31:23.189145+00:00 app[web.1]: }
2025-05-27T09:31:23.311284+00:00 app[web.1]: Final image metadata: {
2025-05-27T09:31:23.311285+00:00 app[web.1]: format: 'jpeg',
2025-05-27T09:31:23.311286+00:00 app[web.1]: width: 800,
2025-05-27T09:31:23.311286+00:00 app[web.1]: height: 800,
2025-05-27T09:31:23.311286+00:00 app[web.1]: space: 'srgb',
2025-05-27T09:31:23.311286+00:00 app[web.1]: channels: 3,
2025-05-27T09:31:23.311286+00:00 app[web.1]: depth: 'uchar',
2025-05-27T09:31:23.311287+00:00 app[web.1]: density: 72,
2025-05-27T09:31:23.311287+00:00 app[web.1]: size: 89283
2025-05-27T09:31:23.311287+00:00 app[web.1]: }
2025-05-27T09:31:23.313200+00:00 heroku[router]: at=info method=POST path="/resize-image" host=image-resizer-app-2024-a35abaeeab93.herokuapp.com request_id=c771b8de-f335-4fc6-942a-9a876f9d1cfc fwd="213.6.104.82" dyno=web.1 connect=0ms service=163ms status=200 bytes=89724 protocol=https
2025-05-27T09:32:13.398041+00:00 heroku[router]: at=info method=GET path="/?boardId=9227336842&itemId=9227336848&itemViewId=131382698&sessionToken=eyJhbGciOiJIUzI1NiJ9.eyJkYXQiOnsiY2xpZW50X2lkIjoiYmE5NDQ3YTdlMWVkZWJmNDJjZDJkOWI1NGNjNmRhNzgiLCJ1c2VyX2lkIjoyOTE1NDc2MiwiYWNjb3VudF9pZCI6NzI3MTg2Mywic2x1ZyI6ImFwcHNkZW1vcyIsImFwcF9pZCI6MTA0MDY0MzAsImFwcF92ZXJzaW9uX2lkIjoxMDc5Njc4NywiaW5zdGFsbF9pZCI6MTE1NTM4MjUsImlzX2FkbWluIjp0cnVlLCJpc192aWV3X29ubHkiOmZhbHNlLCJpc19ndWVzdCI6ZmFsc2UsInVzZXJfa2luZCI6ImFkbWluIn0sImV4cCI6MTc0ODQyMzMxMX0.PIHSIAeObx8rh15xwq-4lJDCcmLgQuImy_E6XM9YCpE" host=image-resizer-app-2024-a35abaeeab93.herokuapp.com request_id=04bcd707-2c50-4366-baf8-741086b75e28 fwd="213.6.104.82" dyno=web.1 connect=0ms service=1ms status=304 bytes=291 protocol=https
2025-05-27T09:32:13.585576+00:00 heroku[router]: at=info method=GET path="/static/js/main.b4dc5273.js" host=image-resizer-app-2024-a35abaeeab93.herokuapp.com request_id=d6b2ea6c-30b6-451e-9270-b5f687a437e4 fwd="213.6.104.82" dyno=web.1 connect=0ms service=1ms status=304 bytes=293 protocol=https
2025-05-27T09:32:13.730666+00:00 heroku[router]: at=info method=GET path="/static/css/main.1990403b.css" host=image-resizer-app-2024-a35abaeeab93.herokuapp.com request_id=b3037a9a-440b-4596-9ff2-1c397fd1876b fwd="213.6.104.82" dyno=web.1 connect=0ms service=5ms status=304 bytes=292 protocol=https
2025-05-27T09:33:05.266609+00:00 app[web.1]: Received resize request
2025-05-27T09:33:05.266782+00:00 app[web.1]: Processing image with settings: {
2025-05-27T09:33:05.266783+00:00 app[web.1]: width: 800,
2025-05-27T09:33:05.266783+00:00 app[web.1]: height: 800,
2025-05-27T09:33:05.266784+00:00 app[web.1]: resizeMode: 'square',
2025-05-27T09:33:05.266784+00:00 app[web.1]: squareMode: 'pad',
2025-05-27T09:33:05.266785+00:00 app[web.1]: padColor: 'transparent',
2025-05-27T09:33:05.266785+00:00 app[web.1]: cropPosition: 'center'
2025-05-27T09:33:05.266785+00:00 app[web.1]: }
2025-05-27T09:33:05.266842+00:00 app[web.1]: Downloading image from: https://files-monday-com.s3.amazonaws.com/7271863/resources/2165109833/port.jpg?response-content-disposition=attachment&X-Amz-Algorithm=AWS4-HMAC-SHA256&X-Amz-Credential=AKIA4MPVJMFXJ4YPAV7U%2F20250527%2Fus-east-1%2Fs3%2Faws4_request&X-Amz-Date=20250527T093305Z&X-Amz-Expires=3600&X-Amz-SignedHeaders=host&X-Amz-Signature=d04ef7a8bd9a2e84d1e4495a90d0131e868dda066482022d1bfff3fb63eadb27
2025-05-27T09:33:05.266844+00:00 app[web.1]: Starting file download process...
2025-05-27T09:33:05.274985+00:00 app[web.1]: Direct download failed, trying without auth headers...
2025-05-27T09:33:05.307759+00:00 app[web.1]: Original buffer size: 6659
2025-05-27T09:33:05.308374+00:00 app[web.1]: Input image metadata: {
2025-05-27T09:33:05.308375+00:00 app[web.1]: format: 'jpeg',
2025-05-27T09:33:05.308376+00:00 app[web.1]: size: 6659,
2025-05-27T09:33:05.308376+00:00 app[web.1]: width: 183,
2025-05-27T09:33:05.308376+00:00 app[web.1]: height: 275,
2025-05-27T09:33:05.308377+00:00 app[web.1]: space: 'srgb',
2025-05-27T09:33:05.308377+00:00 app[web.1]: channels: 3,
2025-05-27T09:33:05.308377+00:00 app[web.1]: depth: 'uchar',
2025-05-27T09:33:05.308377+00:00 app[web.1]: density: 72,
2025-05-27T09:33:05.308378+00:00 app[web.1]: chromaSubsampling: '4:2:0',
2025-05-27T09:33:05.308378+00:00 app[web.1]: isProgressive: false,
2025-05-27T09:33:05.308378+00:00 app[web.1]: isPalette: false,
2025-05-27T09:33:05.308379+00:00 app[web.1]: hasProfile: false,
2025-05-27T09:33:05.308379+00:00 app[web.1]: hasAlpha: false,
2025-05-27T09:33:05.308380+00:00 app[web.1]: autoOrient: { width: 183, height: 275 }
2025-05-27T09:33:05.308381+00:00 app[web.1]: }
2025-05-27T09:33:08.176325+00:00 app[web.1]: Final image metadata: {
2025-05-27T09:33:08.176350+00:00 app[web.1]: format: 'png',
2025-05-27T09:33:08.176351+00:00 app[web.1]: width: 800,
2025-05-27T09:33:08.176351+00:00 app[web.1]: height: 800,
2025-05-27T09:33:08.176352+00:00 app[web.1]: space: 'srgb',
2025-05-27T09:33:08.176352+00:00 app[web.1]: channels: 4,
2025-05-27T09:33:08.176352+00:00 app[web.1]: depth: 'uchar',
2025-05-27T09:33:08.176353+00:00 app[web.1]: density: 72,
2025-05-27T09:33:08.176353+00:00 app[web.1]: size: 153259
2025-05-27T09:33:08.176353+00:00 app[web.1]: }
2025-05-27T09:33:08.178830+00:00 heroku[router]: at=info method=POST path="/resize-image" host=image-resizer-app-2024-a35abaeeab93.herokuapp.com request_id=0d0abe77-941d-4bbe-95b8-b71f632ea593 fwd="213.6.104.82" dyno=web.1 connect=0ms service=2913ms status=200 bytes=153700 protocol=https
2025-05-27T09:34:00.468902+00:00 app[web.1]: Received resize request
2025-05-27T09:34:00.468967+00:00 app[web.1]: Processing image with settings: {
2025-05-27T09:34:00.468968+00:00 app[web.1]: width: 800,
2025-05-27T09:34:00.468968+00:00 app[web.1]: height: 800,
2025-05-27T09:34:00.468969+00:00 app[web.1]: resizeMode: 'square',
2025-05-27T09:34:00.468969+00:00 app[web.1]: squareMode: 'pad',
2025-05-27T09:34:00.468969+00:00 app[web.1]: padColor: 'white',
2025-05-27T09:34:00.468970+00:00 app[web.1]: cropPosition: 'center'
2025-05-27T09:34:00.468970+00:00 app[web.1]: }
2025-05-27T09:34:00.468976+00:00 app[web.1]: Downloading image from: https://files-monday-com.s3.amazonaws.com/7271863/resources/2165109833/port.jpg?response-content-disposition=attachment&X-Amz-Algorithm=AWS4-HMAC-SHA256&X-Amz-Credential=AKIA4MPVJMFXJ4YPAV7U%2F20250527%2Fus-east-1%2Fs3%2Faws4_request&X-Amz-Date=20250527T093400Z&X-Amz-Expires=3600&X-Amz-SignedHeaders=host&X-Amz-Signature=f7cbe6a7fa358b9f3a535774b3fe54ce4ab9f77325ccd5f8d6b17028b3b201b4
2025-05-27T09:34:00.468987+00:00 app[web.1]: Starting file download process...
2025-05-27T09:34:00.480194+00:00 app[web.1]: Direct download failed, trying without auth headers...
2025-05-27T09:34:00.505549+00:00 app[web.1]: Original buffer size: 6659
2025-05-27T09:34:00.506359+00:00 app[web.1]: Input image metadata: {
2025-05-27T09:34:00.506359+00:00 app[web.1]: format: 'jpeg',
2025-05-27T09:34:00.506359+00:00 app[web.1]: size: 6659,
2025-05-27T09:34:00.506359+00:00 app[web.1]: width: 183,
2025-05-27T09:34:00.506360+00:00 app[web.1]: height: 275,
2025-05-27T09:34:00.506360+00:00 app[web.1]: space: 'srgb',
2025-05-27T09:34:00.506360+00:00 app[web.1]: channels: 3,
2025-05-27T09:34:00.506360+00:00 app[web.1]: depth: 'uchar',
2025-05-27T09:34:00.506360+00:00 app[web.1]: density: 72,
2025-05-27T09:34:00.506361+00:00 app[web.1]: chromaSubsampling: '4:2:0',
2025-05-27T09:34:00.506361+00:00 app[web.1]: isProgressive: false,
2025-05-27T09:34:00.506361+00:00 app[web.1]: isPalette: false,
2025-05-27T09:34:00.506361+00:00 app[web.1]: hasProfile: false,
2025-05-27T09:34:00.506361+00:00 app[web.1]: hasAlpha: false,
2025-05-27T09:34:00.506362+00:00 app[web.1]: autoOrient: { width: 183, height: 275 }
2025-05-27T09:34:00.506362+00:00 app[web.1]: }
2025-05-27T09:34:00.617312+00:00 app[web.1]: Final image metadata: {
2025-05-27T09:34:00.617313+00:00 app[web.1]: format: 'jpeg',
2025-05-27T09:34:00.617314+00:00 app[web.1]: width: 800,
2025-05-27T09:34:00.617314+00:00 app[web.1]: height: 800,
2025-05-27T09:34:00.617314+00:00 app[web.1]: space: 'srgb',
2025-05-27T09:34:00.617314+00:00 app[web.1]: channels: 3,
2025-05-27T09:34:00.617314+00:00 app[web.1]: depth: 'uchar',
2025-05-27T09:34:00.617315+00:00 app[web.1]: density: 72,
2025-05-27T09:34:00.617315+00:00 app[web.1]: size: 89283
2025-05-27T09:34:00.617315+00:00 app[web.1]: }
2025-05-27T09:34:00.619807+00:00 heroku[router]: at=info method=POST path="/resize-image" host=image-resizer-app-2024-a35abaeeab93.herokuapp.com request_id=e9d82135-5b09-44ea-ae1c-c27eb78dda0a fwd="213.6.104.82" dyno=web.1 connect=0ms service=151ms status=200 bytes=89724 protocol=https
2025-05-27T09:34:08.856824+00:00 app[web.1]: Received resize request
2025-05-27T09:34:08.856892+00:00 app[web.1]: Processing image with settings: {
2025-05-27T09:34:08.856893+00:00 app[web.1]: width: 800,
2025-05-27T09:34:08.856893+00:00 app[web.1]: height: 800,
2025-05-27T09:34:08.856894+00:00 app[web.1]: resizeMode: 'square',
2025-05-27T09:34:08.856894+00:00 app[web.1]: squareMode: 'pad',
2025-05-27T09:34:08.856894+00:00 app[web.1]: padColor: 'white',
2025-05-27T09:34:08.856895+00:00 app[web.1]: cropPosition: 'center'
2025-05-27T09:34:08.856895+00:00 app[web.1]: }
2025-05-27T09:34:08.856897+00:00 app[web.1]: Downloading image from: https://files-monday-com.s3.amazonaws.com/7271863/resources/2165109833/port.jpg?response-content-disposition=attachment&X-Amz-Algorithm=AWS4-HMAC-SHA256&X-Amz-Credential=AKIA4MPVJMFXJ4YPAV7U%2F20250527%2Fus-east-1%2Fs3%2Faws4_request&X-Amz-Date=20250527T093408Z&X-Amz-Expires=3600&X-Amz-SignedHeaders=host&X-Amz-Signature=48670e2cc83cd6143557765a098355119c33f63e38d76147987a1db84e672560
2025-05-27T09:34:08.856912+00:00 app[web.1]: Starting file download process...
2025-05-27T09:34:08.867027+00:00 app[web.1]: Direct download failed, trying without auth headers...
2025-05-27T09:34:08.894310+00:00 app[web.1]: Original buffer size: 6659
2025-05-27T09:34:08.894879+00:00 app[web.1]: Input image metadata: {
2025-05-27T09:34:08.894879+00:00 app[web.1]: format: 'jpeg',
2025-05-27T09:34:08.894880+00:00 app[web.1]: size: 6659,
2025-05-27T09:34:08.894880+00:00 app[web.1]: width: 183,
2025-05-27T09:34:08.894880+00:00 app[web.1]: height: 275,
2025-05-27T09:34:08.894880+00:00 app[web.1]: space: 'srgb',
2025-05-27T09:34:08.894880+00:00 app[web.1]: channels: 3,
2025-05-27T09:34:08.894881+00:00 app[web.1]: depth: 'uchar',
2025-05-27T09:34:08.894881+00:00 app[web.1]: density: 72,
2025-05-27T09:34:08.894881+00:00 app[web.1]: chromaSubsampling: '4:2:0',
2025-05-27T09:34:08.894881+00:00 app[web.1]: isProgressive: false,
2025-05-27T09:34:08.894881+00:00 app[web.1]: isPalette: false,
2025-05-27T09:34:08.894882+00:00 app[web.1]: hasProfile: false,
2025-05-27T09:34:08.894882+00:00 app[web.1]: hasAlpha: false,
2025-05-27T09:34:08.894882+00:00 app[web.1]: autoOrient: { width: 183, height: 275 }
2025-05-27T09:34:08.894882+00:00 app[web.1]: }
2025-05-27T09:34:09.009303+00:00 app[web.1]: Final image metadata: {
2025-05-27T09:34:09.009305+00:00 app[web.1]: format: 'jpeg',
2025-05-27T09:34:09.009305+00:00 app[web.1]: width: 800,
2025-05-27T09:34:09.009305+00:00 app[web.1]: height: 800,
2025-05-27T09:34:09.009305+00:00 app[web.1]: space: 'srgb',
2025-05-27T09:34:09.009306+00:00 app[web.1]: channels: 3,
2025-05-27T09:34:09.009306+00:00 app[web.1]: depth: 'uchar',
2025-05-27T09:34:09.009306+00:00 app[web.1]: density: 72,
2025-05-27T09:34:09.009306+00:00 app[web.1]: size: 89283
2025-05-27T09:34:09.009306+00:00 app[web.1]: }
2025-05-27T09:34:09.011737+00:00 heroku[router]: at=info method=POST path="/resize-image" host=image-resizer-app-2024-a35abaeeab93.herokuapp.com request_id=8ab9117a-74ad-44eb-afc1-db5fa260d84f fwd="213.6.104.82" dyno=web.1 connect=0ms service=155ms status=200 bytes=89724 protocol=https
2025-05-27T09:34:11.854570+00:00 app[web.1]: Received resize request
2025-05-27T09:34:11.854634+00:00 app[web.1]: Processing image with settings: {
2025-05-27T09:34:11.854635+00:00 app[web.1]: width: 800,
2025-05-27T09:34:11.854636+00:00 app[web.1]: height: 800,
2025-05-27T09:34:11.854636+00:00 app[web.1]: resizeMode: 'square',
2025-05-27T09:34:11.854636+00:00 app[web.1]: squareMode: 'pad',
2025-05-27T09:34:11.854636+00:00 app[web.1]: padColor: 'white',
2025-05-27T09:34:11.854637+00:00 app[web.1]: cropPosition: 'center'
2025-05-27T09:34:11.854637+00:00 app[web.1]: }
2025-05-27T09:34:11.854647+00:00 app[web.1]: Downloading image from: https://files-monday-com.s3.amazonaws.com/7271863/resources/2165115170/3rd.png?response-content-disposition=attachment&X-Amz-Algorithm=AWS4-HMAC-SHA256&X-Amz-Credential=AKIA4MPVJMFXJ4YPAV7U%2F20250527%2Fus-east-1%2Fs3%2Faws4_request&X-Amz-Date=20250527T093411Z&X-Amz-Expires=3600&X-Amz-SignedHeaders=host&X-Amz-Signature=73d40959761dba26cf6fe7edee673ef38909d2cf7513b3534d68a5647f71b966
2025-05-27T09:34:11.854656+00:00 app[web.1]: Starting file download process...
2025-05-27T09:34:11.865492+00:00 app[web.1]: Direct download failed, trying without auth headers...
2025-05-27T09:34:11.930038+00:00 app[web.1]: Original buffer size: 702910
2025-05-27T09:34:11.930596+00:00 app[web.1]: Input image metadata: {
2025-05-27T09:34:11.930596+00:00 app[web.1]: format: 'png',
2025-05-27T09:34:11.930597+00:00 app[web.1]: size: 702910,
2025-05-27T09:34:11.930597+00:00 app[web.1]: width: 1921,
2025-05-27T09:34:11.930597+00:00 app[web.1]: height: 1081,
2025-05-27T09:34:11.930597+00:00 app[web.1]: space: 'srgb',
2025-05-27T09:34:11.930598+00:00 app[web.1]: channels: 3,
2025-05-27T09:34:11.930598+00:00 app[web.1]: depth: 'uchar',
2025-05-27T09:34:11.930598+00:00 app[web.1]: density: 72,
2025-05-27T09:34:11.930598+00:00 app[web.1]: isProgressive: false,
2025-05-27T09:34:11.930599+00:00 app[web.1]: isPalette: false,
2025-05-27T09:34:11.930599+00:00 app[web.1]: bitsPerSample: 8,
2025-05-27T09:34:11.930599+00:00 app[web.1]: hasProfile: false,
2025-05-27T09:34:11.930599+00:00 app[web.1]: hasAlpha: false,
2025-05-27T09:34:11.930600+00:00 app[web.1]: autoOrient: { width: 1921, height: 1081 }
2025-05-27T09:34:11.930600+00:00 app[web.1]: }
2025-05-27T09:34:12.067907+00:00 app[web.1]: Final image metadata: {
2025-05-27T09:34:12.067908+00:00 app[web.1]: format: 'jpeg',
2025-05-27T09:34:12.067908+00:00 app[web.1]: width: 800,
2025-05-27T09:34:12.067909+00:00 app[web.1]: height: 800,
2025-05-27T09:34:12.067909+00:00 app[web.1]: space: 'srgb',
2025-05-27T09:34:12.067909+00:00 app[web.1]: channels: 3,
2025-05-27T09:34:12.067909+00:00 app[web.1]: depth: 'uchar',
2025-05-27T09:34:12.067910+00:00 app[web.1]: density: 72,
2025-05-27T09:34:12.067910+00:00 app[web.1]: size: 91590
2025-05-27T09:34:12.067910+00:00 app[web.1]: }
2025-05-27T09:34:12.069938+00:00 heroku[router]: at=info method=POST path="/resize-image" host=image-resizer-app-2024-a35abaeeab93.herokuapp.com request_id=a870dc4d-5634-4067-8a84-0640b7403af0 fwd="213.6.104.82" dyno=web.1 connect=0ms service=216ms status=200 bytes=92033 protocol=https
2025-05-27T19:43:26.932118+00:00 heroku[router]: at=info method=GET path="/?boardId=8684700369&itemId=9241138016&itemViewId=131020483&sessionToken=eyJhbGciOiJIUzI1NiJ9.eyJkYXQiOnsiY2xpZW50X2lkIjoiYmE5NDQ3YTdlMWVkZWJmNDJjZDJkOWI1NGNjNmRhNzgiLCJ1c2VyX2lkIjozMDIxMTY1MSwiYWNjb3VudF9pZCI6MTEyNTMwMDEsInNsdWciOiJhZ2VuY3ktMjEiLCJhcHBfaWQiOjEwNDA2NDMwLCJhcHBfdmVyc2lvbl9pZCI6MTA3OTY3ODcsImluc3RhbGxfaWQiOjExNTQ1MjUyLCJpc19hZG1pbiI6dHJ1ZSwiaXNfdmlld19vbmx5IjpmYWxzZSwiaXNfZ3Vlc3QiOmZhbHNlLCJ1c2VyX2tpbmQiOiJhZG1pbiJ9LCJleHAiOjE3NDg0NjE0MDZ9.VTF_GZscr39uWCWG-PHAASbKMx4L5VLseCAZy_7xv_0" host=image-resizer-app-2024-a35abaeeab93.herokuapp.com request_id=81637758-8083-4770-a9f1-08fb836be2c6 fwd="172.59.116.192" dyno=web.1 connect=0ms service=2ms status=200 bytes=986 protocol=https
2025-05-27T19:43:27.007620+00:00 heroku[router]: at=info method=GET path="/static/js/main.b4dc5273.js" host=image-resizer-app-2024-a35abaeeab93.herokuapp.com request_id=99b65023-e798-432d-bd16-ccbb4bee0446 fwd="172.59.116.192" dyno=web.1 connect=0ms service=7ms status=200 bytes=172688 protocol=https
2025-05-27T19:43:27.072201+00:00 heroku[router]: at=info method=GET path="/static/css/main.1990403b.css" host=image-resizer-app-2024-a35abaeeab93.herokuapp.com request_id=7f73cee2-0a88-4c27-a2ef-c61faaec89b5 fwd="172.59.116.192" dyno=web.1 connect=0ms service=2ms status=200 bytes=7977 protocol=https
2025-05-27T19:56:49.201977+00:00 heroku[router]: at=info method=GET path="/?boardId=8684700369&itemId=9243239506&itemViewId=131020483&sessionToken=eyJhbGciOiJIUzI1NiJ9.eyJkYXQiOnsiY2xpZW50X2lkIjoiYmE5NDQ3YTdlMWVkZWJmNDJjZDJkOWI1NGNjNmRhNzgiLCJ1c2VyX2lkIjozMDIxMTY1MSwiYWNjb3VudF9pZCI6MTEyNTMwMDEsInNsdWciOiJhZ2VuY3ktMjEiLCJhcHBfaWQiOjEwNDA2NDMwLCJhcHBfdmVyc2lvbl9pZCI6MTA3OTY3ODcsImluc3RhbGxfaWQiOjExNTQ1MjUyLCJpc19hZG1pbiI6dHJ1ZSwiaXNfdmlld19vbmx5IjpmYWxzZSwiaXNfZ3Vlc3QiOmZhbHNlLCJ1c2VyX2tpbmQiOiJhZG1pbiJ9LCJleHAiOjE3NDg0NjIyMDh9.3Q9CT_221YvM-k6RidHRqVSvIi-SeyXHMnusg-7STgM" host=image-resizer-app-2024-a35abaeeab93.herokuapp.com request_id=40feb320-20f2-4808-8a50-b5b9ad3365a7 fwd="172.59.116.192" dyno=web.1 connect=0ms service=1ms status=200 bytes=986 protocol=https
2025-05-27T19:56:49.263547+00:00 heroku[router]: at=info method=GET path="/static/js/main.b4dc5273.js" host=image-resizer-app-2024-a35abaeeab93.herokuapp.com request_id=e3e498e8-d158-4005-a9c7-071574577521 fwd="172.59.116.192" dyno=web.1 connect=0ms service=1ms status=304 bytes=293 protocol=https
2025-05-27T19:56:49.296051+00:00 heroku[router]: at=info method=GET path="/static/css/main.1990403b.css" host=image-resizer-app-2024-a35abaeeab93.herokuapp.com request_id=85c16e59-8d09-44cb-ab57-dd712afe21c7 fwd="172.59.116.192" dyno=web.1 connect=0ms service=1ms status=304 bytes=292 protocol=https
2025-05-27T19:58:18.944398+00:00 app[web.1]: Received resize request
2025-05-27T19:58:18.944464+00:00 app[web.1]: Processing image with settings: {
2025-05-27T19:58:18.944465+00:00 app[web.1]: width: 800,
2025-05-27T19:58:18.944465+00:00 app[web.1]: height: 800,
2025-05-27T19:58:18.944465+00:00 app[web.1]: resizeMode: 'square',
2025-05-27T19:58:18.944465+00:00 app[web.1]: squareMode: 'crop',
2025-05-27T19:58:18.944465+00:00 app[web.1]: padColor: 'white',
2025-05-27T19:58:18.944466+00:00 app[web.1]: cropPosition: 'top'
2025-05-27T19:58:18.944466+00:00 app[web.1]: }
2025-05-27T19:58:18.944471+00:00 app[web.1]: Downloading image from: https://files-monday-com.s3.amazonaws.com/11253001/resources/2166733254/HFA_6547.jpg?response-content-disposition=attachment&X-Amz-Algorithm=AWS4-HMAC-SHA256&X-Amz-Credential=AKIA4MPVJMFXJ4YPAV7U%2F20250527%2Fus-east-1%2Fs3%2Faws4_request&X-Amz-Date=20250527T195818Z&X-Amz-Expires=3600&X-Amz-SignedHeaders=host&X-Amz-Signature=be3d8e11b8b11c2e3f5c26200360bc47d17d19d040c4d4efdb972d8adba5190b
2025-05-27T19:58:18.944481+00:00 app[web.1]: Starting file download process...
2025-05-27T19:58:18.961036+00:00 app[web.1]: Direct download failed, trying without auth headers...
2025-05-27T19:58:19.087370+00:00 app[web.1]: Original buffer size: 6241877
2025-05-27T19:58:19.089855+00:00 app[web.1]: Input image metadata: {
2025-05-27T19:58:19.089856+00:00 app[web.1]: format: 'jpeg',
2025-05-27T19:58:19.089856+00:00 app[web.1]: size: 6241877,
2025-05-27T19:58:19.089857+00:00 app[web.1]: width: 3664,
2025-05-27T19:58:19.089857+00:00 app[web.1]: height: 4580,
2025-05-27T19:58:19.089858+00:00 app[web.1]: space: 'srgb',
2025-05-27T19:58:19.089858+00:00 app[web.1]: channels: 3,
2025-05-27T19:58:19.089859+00:00 app[web.1]: depth: 'uchar',
2025-05-27T19:58:19.089859+00:00 app[web.1]: density: 300,
2025-05-27T19:58:19.089859+00:00 app[web.1]: chromaSubsampling: '4:4:4',
2025-05-27T19:58:19.089860+00:00 app[web.1]: isProgressive: false,
2025-05-27T19:58:19.089860+00:00 app[web.1]: isPalette: false,
2025-05-27T19:58:19.089860+00:00 app[web.1]: resolutionUnit: 'inch',
2025-05-27T19:58:19.089860+00:00 app[web.1]: hasProfile: true,
2025-05-27T19:58:19.089861+00:00 app[web.1]: hasAlpha: false,
2025-05-27T19:58:19.089861+00:00 app[web.1]: autoOrient: { width: 3664, height: 4580 },
2025-05-27T19:58:19.089864+00:00 app[web.1]: exif: <Buffer 45 78 69 66 00 00 49 49 2a 00 08 00 00 00 08 00 0f 01 02 00 12 00 00 00 6e 00 00 00 10 01 02 00 0b 00 00 00 80 00 00 00 1a 01 05 00 01 00 00 00 8c 00 ... 11220 more bytes>,
2025-05-27T19:58:19.089873+00:00 app[web.1]: icc: <Buffer 00 00 0c 48 4c 69 6e 6f 02 10 00 00 6d 6e 74 72 52 47 42 20 58 59 5a 20 07 ce 00 02 00 09 00 06 00 31 00 00 61 63 73 70 4d 53 46 54 00 00 00 00 49 45 ... 3094 more bytes>,
2025-05-27T19:58:19.089873+00:00 app[web.1]: iptc: <Buffer 50 68 6f 74 6f 73 68 6f 70 20 33 2e 30 00 38 42 49 4d 03 ed 00 00 00 00 00 10 01 2c 00 00 00 01 00 01 01 2c 00 00 00 01 00 01 38 42 49 4d 04 04 00 00 ... 10368 more bytes>,
2025-05-27T19:58:19.089873+00:00 app[web.1]: xmp: <Buffer 3c 3f 78 70 61 63 6b 65 74 20 62 65 67 69 6e 3d 22 ef bb bf 22 20 69 64 3d 22 57 35 4d 30 4d 70 43 65 68 69 48 7a 72 65 53 7a 4e 54 63 7a 6b 63 39 64 ... 51317 more bytes>
2025-05-27T19:58:19.089874+00:00 app[web.1]: }
2025-05-27T19:58:19.404531+00:00 app[web.1]: Final image metadata: {
2025-05-27T19:58:19.404566+00:00 app[web.1]: format: 'jpeg',
2025-05-27T19:58:19.404568+00:00 app[web.1]: width: 800,
2025-05-27T19:58:19.404568+00:00 app[web.1]: height: 800,
2025-05-27T19:58:19.404568+00:00 app[web.1]: space: 'srgb',
2025-05-27T19:58:19.404568+00:00 app[web.1]: channels: 3,
2025-05-27T19:58:19.404569+00:00 app[web.1]: depth: 'uchar',
2025-05-27T19:58:19.404569+00:00 app[web.1]: density: 300,
2025-05-27T19:58:19.404569+00:00 app[web.1]: size: 218720
2025-05-27T19:58:19.404570+00:00 app[web.1]: }
2025-05-27T19:58:19.406701+00:00 heroku[router]: at=info method=POST path="/resize-image" host=image-resizer-app-2024-a35abaeeab93.herokuapp.com request_id=0b27320f-5db1-439a-a3ce-928a76cb523a fwd="172.59.116.192" dyno=web.1 connect=0ms service=462ms status=200 bytes=219165 protocol=https
